settlement_reference,payment_id,vendor,settlement_amount,settlement_date,settlement_batch,fee,currency
PAY-00001,PAY-00001,Vendor 01,1001.37,2026-01-01 00:00:00,SET-0001,12.02,INR
PAY-00002,PAY-00002,Vendor 02,1002.74,2026-01-01 08:00:00,SET-0001,12.03,INR
PAY-00003,PAY-00003,Vendor 03,1004.11,2026-01-01 16:00:00,SET-0001,12.05,INR
PAY-00004,PAY-00004,Vendor 04,1005.48,2026-01-02 00:00:00,SET-0001,12.07,INR
PAY-00005,PAY-00005,Vendor 05,1006.85,2026-01-02 08:00:00,SET-0001,12.08,INR
PAY-00006,PAY-00006,Vendor 06,1008.22,2026-01-02 16:00:00,SET-0001,12.1,INR
PAY-00007,PAY-00007,Vendor 07,1009.59,2026-01-03 00:00:00,SET-0001,12.12,INR
PAY-00008,PAY-00008,Vendor 08,1010.96,2026-01-03 08:00:00,SET-0001,12.13,INR
PAY-00009,PAY-00009,Vendor 09,1012.33,2026-01-03 16:00:00,SET-0001,12.15,INR
PAY-00010,PAY-00010,Vendor 10,1013.7,2026-01-04 00:00:00,SET-0001,12.16,INR
PAY-00011,PAY-00011,Vendor 11,1015.07,2026-01-04 08:00:00,SET-0001,12.18,INR
PAY-00012,PAY-00012,Vendor 12,1016.44,2026-01-04 16:00:00,SET-0001,12.2,INR
PAY-00013,PAY-00013,Vendor 13,1017.81,2026-01-05 00:00:00,SET-0001,12.21,INR
PAY-00014,PAY-00014,Vendor 14,1019.18,2026-01-05 08:00:00,SET-0001,12.23,INR
PAY-00015,PAY-00015,Vendor 15,1020.55,2026-01-05 16:00:00,SET-0001,12.25,INR
PAY-00016,PAY-00016,Vendor 16,1021.92,2026-01-06 00:00:00,SET-0001,12.26,INR
PAY-00017,PAY-00017,Vendor 17,1023.29,2026-01-06 08:00:00,SET-0001,12.28,INR
PAY-00018,PAY-00018,Vendor 18,1024.66,2026-01-06 16:00:00,SET-0001,12.3,INR
PAY-00019,PAY-00019,Vendor 19,1026.03,2026-01-07 00:00:00,SET-0001,12.31,INR
PAY-00020,PAY-00020,Vendor 20,1027.4,2026-01-07 08:00:00,SET-0001,12.33,INR
PAY-00021,PAY-00021,Vendor 21,1028.77,2026-01-07 16:00:00,SET-0001,12.35,INR
PAY-00022,PAY-00022,Vendor 22,1030.14,2026-01-08 00:00:00,SET-0001,12.36,INR
PAY-00023,PAY-00023,Vendor 23,1031.51,2026-01-08 08:00:00,SET-0001,12.38,INR
PAY-00024,PAY-00024,Vendor 24,1032.88,2026-01-08 16:00:00,SET-0001,12.39,INR
PAY-00025,PAY-00025,Vendor 25,1034.25,2026-01-09 00:00:00,SET-0001,12.41,INR
PAY-00026,PAY-00026,Vendor 26,1035.62,2026-01-09 08:00:00,SET-0001,12.43,INR
PAY-00027,PAY-00027,Vendor 27,1036.99,2026-01-09 16:00:00,SET-0001,12.44,INR
PAY-00028,PAY-00028,Vendor 28,1038.36,2026-01-10 00:00:00,SET-0001,12.46,INR
PAY-00029,PAY-00029,Vendor 29,1039.73,2026-01-10 08:00:00,SET-0001,12.48,INR
PAY-00030,PAY-00030,Vendor 30,1041.1,2026-01-10 16:00:00,SET-0001,12.49,INR
PAY-00031,PAY-00031,Vendor 31,1042.47,2026-01-11 00:00:00,SET-0001,12.51,INR
PAY-00032,PAY-00032,Vendor 32,1043.84,2026-01-11 08:00:00,SET-0001,12.53,INR
PAY-00033,PAY-00033,Vendor 33,1045.21,2026-01-11 16:00:00,SET-0001,12.54,INR
PAY-00034,PAY-00034,Vendor 34,1046.58,2026-01-12 00:00:00,SET-0001,12.56,INR
PAY-00035,PAY-00035,Vendor 35,1047.95,2026-01-12 08:00:00,SET-0001,12.58,INR
PAY-00036,PAY-00036,Vendor 36,1049.32,2026-01-12 16:00:00,SET-0001,12.59,INR
PAY-00037,PAY-00037,Vendor 37,1050.69,2026-01-13 00:00:00,SET-0001,12.61,INR
PAY-00038,PAY-00038,Vendor 38,1052.06,2026-01-13 08:00:00,SET-0001,12.62,INR
PAY-00039,PAY-00039,Vendor 39,1053.43,2026-01-13 16:00:00,SET-0001,12.64,INR
PAY-00040,PAY-00040,Vendor 40,1054.8,2026-01-14 00:00:00,SET-0001,12.66,INR
PAY-00041,PAY-00041,Vendor 41,1056.17,2026-01-14 08:00:00,SET-0001,12.67,INR
PAY-00042,PAY-00042,Vendor 42,1057.54,2026-01-14 16:00:00,SET-0001,12.69,INR
PAY-00043,PAY-00043,Vendor 43,1058.91,2026-01-15 00:00:00,SET-0001,12.71,INR
PAY-00044,PAY-00044,Vendor 44,1060.28,2026-01-15 08:00:00,SET-0001,12.72,INR
PAY-00045,PAY-00045,Vendor 45,1061.65,2026-01-15 16:00:00,SET-0001,12.74,INR
PAY-00046,PAY-00046,Vendor 46,1063.02,2026-01-16 00:00:00,SET-0001,12.76,INR
PAY-00047,PAY-00047,Vendor 47,1064.39,2026-01-16 08:00:00,SET-0001,12.77,INR
PAY-00048,PAY-00048,Vendor 48,1065.76,2026-01-16 16:00:00,SET-0001,12.79,INR
PAY-00049,PAY-00049,Vendor 49,1067.13,2026-01-17 00:00:00,SET-0001,12.81,INR
PAY-00050,PAY-00050,Vendor 50,1068.5,2026-01-17 08:00:00,SET-0001,12.82,INR
PAY-00051,PAY-00051,Vendor 01,1069.87,2026-01-17 16:00:00,SET-0002,12.84,INR
PAY-00052,PAY-00052,Vendor 02,1071.24,2026-01-18 00:00:00,SET-0002,12.85,INR
PAY-00053,PAY-00053,Vendor 03,1072.61,2026-01-18 08:00:00,SET-0002,12.87,INR
PAY-00054,PAY-00054,Vendor 04,1073.98,2026-01-18 16:00:00,SET-0002,12.89,INR
PAY-00055,PAY-00055,Vendor 05,1075.35,2026-01-19 00:00:00,SET-0002,12.9,INR
PAY-00056,PAY-00056,Vendor 06,1076.72,2026-01-19 08:00:00,SET-0002,12.92,INR
PAY-00057,PAY-00057,Vendor 07,1078.09,2026-01-19 16:00:00,SET-0002,12.94,INR
PAY-00058,PAY-00058,Vendor 08,1079.46,2026-01-20 00:00:00,SET-0002,12.95,INR
PAY-00059,PAY-00059,Vendor 09,1080.83,2026-01-20 08:00:00,SET-0002,12.97,INR
PAY-00060,PAY-00060,Vendor 10,1082.2,2026-01-20 16:00:00,SET-0002,12.99,INR
PAY-00061,PAY-00061,Vendor 11,1083.57,2026-01-21 00:00:00,SET-0002,13.0,INR
PAY-00062,PAY-00062,Vendor 12,1084.94,2026-01-21 08:00:00,SET-0002,13.02,INR
PAY-00063,PAY-00063,Vendor 13,1086.31,2026-01-21 16:00:00,SET-0002,13.04,INR
PAY-00064,PAY-00064,Vendor 14,1087.68,2026-01-22 00:00:00,SET-0002,13.05,INR
PAY-00065,PAY-00065,Vendor 15,1089.05,2026-01-22 08:00:00,SET-0002,13.07,INR
PAY-00066,PAY-00066,Vendor 16,1090.42,2026-01-22 16:00:00,SET-0002,13.09,INR
PAY-00067,PAY-00067,Vendor 17,1091.79,2026-01-23 00:00:00,SET-0002,13.1,INR
PAY-00068,PAY-00068,Vendor 18,1093.16,2026-01-23 08:00:00,SET-0002,13.12,INR
PAY-00069,PAY-00069,Vendor 19,1094.53,2026-01-23 16:00:00,SET-0002,13.13,INR
PAY-00070,PAY-00070,Vendor 20,1095.9,2026-01-24 00:00:00,SET-0002,13.15,INR
PAY-00071,PAY-00071,Vendor 21,1097.27,2026-01-24 08:00:00,SET-0002,13.17,INR
PAY-00072,PAY-00072,Vendor 22,1098.64,2026-01-24 16:00:00,SET-0002,13.18,INR
PAY-00073,PAY-00073,Vendor 23,1100.01,2026-01-25 00:00:00,SET-0002,13.2,INR
PAY-00074,PAY-00074,Vendor 24,1101.38,2026-01-25 08:00:00,SET-0002,13.22,INR
PAY-00075,PAY-00075,Vendor 25,1102.75,2026-01-25 16:00:00,SET-0002,13.23,INR
PAY-00076,PAY-00076,Vendor 26,1104.12,2026-01-26 00:00:00,SET-0002,13.25,INR
PAY-00077,PAY-00077,Vendor 27,1105.49,2026-01-26 08:00:00,SET-0002,13.27,INR
PAY-00078,PAY-00078,Vendor 28,1106.86,2026-01-26 16:00:00,SET-0002,13.28,INR
PAY-00079,PAY-00079,Vendor 29,1108.23,2026-01-27 00:00:00,SET-0002,13.3,INR
PAY-00080,PAY-00080,Vendor 30,1109.6,2026-01-27 08:00:00,SET-0002,13.32,INR
PAY-00081,PAY-00081,Vendor 31,1110.97,2026-01-27 16:00:00,SET-0002,13.33,INR
PAY-00082,PAY-00082,Vendor 32,1112.34,2026-01-28 00:00:00,SET-0002,13.35,INR
PAY-00083,PAY-00083,Vendor 33,1113.71,2026-01-28 08:00:00,SET-0002,13.36,INR
PAY-00084,PAY-00084,Vendor 34,1115.08,2026-01-28 16:00:00,SET-0002,13.38,INR
PAY-00085,PAY-00085,Vendor 35,1116.45,2026-01-29 00:00:00,SET-0002,13.4,INR
PAY-00086,PAY-00086,Vendor 36,1117.82,2026-01-29 08:00:00,SET-0002,13.41,INR
PAY-00087,PAY-00087,Vendor 37,1119.19,2026-01-29 16:00:00,SET-0002,13.43,INR
PAY-00088,PAY-00088,Vendor 38,1120.56,2026-01-30 00:00:00,SET-0002,13.45,INR
PAY-00089,PAY-00089,Vendor 39,1121.93,2026-01-30 08:00:00,SET-0002,13.46,INR
PAY-00090,PAY-00090,Vendor 40,1123.3,2026-01-30 16:00:00,SET-0002,13.48,INR
PAY-00091,PAY-00091,Vendor 41,1124.67,2026-01-31 00:00:00,SET-0002,13.5,INR
PAY-00092,PAY-00092,Vendor 42,1126.04,2026-01-31 08:00:00,SET-0002,13.51,INR
PAY-00093,PAY-00093,Vendor 43,1127.41,2026-01-31 16:00:00,SET-0002,13.53,INR
PAY-00094,PAY-00094,Vendor 44,1128.78,2026-02-01 00:00:00,SET-0002,13.55,INR
PAY-00095,PAY-00095,Vendor 45,1130.15,2026-02-01 08:00:00,SET-0002,13.56,INR
PAY-00096,PAY-00096,Vendor 46,1131.52,2026-02-01 16:00:00,SET-0002,13.58,INR
PAY-00097,PAY-00097,Vendor 47,1132.89,2026-02-02 00:00:00,SET-0002,13.59,INR
PAY-00098,PAY-00098,Vendor 48,1134.26,2026-02-02 08:00:00,SET-0002,13.61,INR
PAY-00099,PAY-00099,Vendor 49,1135.63,2026-02-02 16:00:00,SET-0002,13.63,INR
PAY-00100,PAY-00100,Vendor 50,1137.0,2026-02-03 00:00:00,SET-0002,13.64,INR
PAY-00101,PAY-00101,Vendor 01,1138.37,2026-02-03 08:00:00,SET-0003,13.66,INR
PAY-00102,PAY-00102,Vendor 02,1139.74,2026-02-03 16:00:00,SET-0003,13.68,INR
PAY-00103,PAY-00103,Vendor 03,1141.11,2026-02-04 00:00:00,SET-0003,13.69,INR
PAY-00104,PAY-00104,Vendor 04,1142.48,2026-02-04 08:00:00,SET-0003,13.71,INR
PAY-00105,PAY-00105,Vendor 05,1143.85,2026-02-04 16:00:00,SET-0003,13.73,INR
PAY-00106,PAY-00106,Vendor 06,1145.22,2026-02-05 00:00:00,SET-0003,13.74,INR
PAY-00107,PAY-00107,Vendor 07,1146.59,2026-02-05 08:00:00,SET-0003,13.76,INR
PAY-00108,PAY-00108,Vendor 08,1147.96,2026-02-05 16:00:00,SET-0003,13.78,INR
PAY-00109,PAY-00109,Vendor 09,1149.33,2026-02-06 00:00:00,SET-0003,13.79,INR
PAY-00110,PAY-00110,Vendor 10,1150.7,2026-02-06 08:00:00,SET-0003,13.81,INR
PAY-00111,PAY-00111,Vendor 11,1152.07,2026-02-06 16:00:00,SET-0003,13.82,INR
PAY-00112,PAY-00112,Vendor 12,1153.44,2026-02-07 00:00:00,SET-0003,13.84,INR
PAY-00113,PAY-00113,Vendor 13,1154.81,2026-02-07 08:00:00,SET-0003,13.86,INR
PAY-00114,PAY-00114,Vendor 14,1156.18,2026-02-07 16:00:00,SET-0003,13.87,INR
PAY-00115,PAY-00115,Vendor 15,1157.55,2026-02-08 00:00:00,SET-0003,13.89,INR
PAY-00116,PAY-00116,Vendor 16,1158.92,2026-02-08 08:00:00,SET-0003,13.91,INR
PAY-00117,PAY-00117,Vendor 17,1160.29,2026-02-08 16:00:00,SET-0003,13.92,INR
PAY-00118,PAY-00118,Vendor 18,1161.66,2026-02-09 00:00:00,SET-0003,13.94,INR
PAY-00119,PAY-00119,Vendor 19,1163.03,2026-02-09 08:00:00,SET-0003,13.96,INR
PAY-00120,PAY-00120,Vendor 20,1164.4,2026-02-09 16:00:00,SET-0003,13.97,INR
PAY-00121,PAY-00121,Vendor 21,1165.77,2026-02-10 00:00:00,SET-0003,13.99,INR
PAY-00122,PAY-00122,Vendor 22,1167.14,2026-02-10 08:00:00,SET-0003,14.01,INR
PAY-00123,PAY-00123,Vendor 23,1168.51,2026-02-10 16:00:00,SET-0003,14.02,INR
PAY-00124,PAY-00124,Vendor 24,1169.88,2026-02-11 00:00:00,SET-0003,14.04,INR
PAY-00125,PAY-00125,Vendor 25,1171.25,2026-02-11 08:00:00,SET-0003,14.05,INR
PAY-00126,PAY-00126,Vendor 26,1172.62,2026-02-11 16:00:00,SET-0003,14.07,INR
PAY-00127,PAY-00127,Vendor 27,1173.99,2026-02-12 00:00:00,SET-0003,14.09,INR
PAY-00128,PAY-00128,Vendor 28,1175.36,2026-02-12 08:00:00,SET-0003,14.1,INR
PAY-00129,PAY-00129,Vendor 29,1176.73,2026-02-12 16:00:00,SET-0003,14.12,INR
PAY-00130,PAY-00130,Vendor 30,1178.1,2026-02-13 00:00:00,SET-0003,14.14,INR
PAY-00131,PAY-00131,Vendor 31,1179.47,2026-02-13 08:00:00,SET-0003,14.15,INR
PAY-00132,PAY-00132,Vendor 32,1180.84,2026-02-13 16:00:00,SET-0003,14.17,INR
PAY-00133,PAY-00133,Vendor 33,1182.21,2026-02-14 00:00:00,SET-0003,14.19,INR
PAY-00134,PAY-00134,Vendor 34,1183.58,2026-02-14 08:00:00,SET-0003,14.2,INR
PAY-00135,PAY-00135,Vendor 35,1184.95,2026-02-14 16:00:00,SET-0003,14.22,INR
PAY-00136,PAY-00136,Vendor 36,1186.32,2026-02-15 00:00:00,SET-0003,14.24,INR
PAY-00137,PAY-00137,Vendor 37,1187.69,2026-02-15 08:00:00,SET-0003,14.25,INR
PAY-00138,PAY-00138,Vendor 38,1189.06,2026-02-15 16:00:00,SET-0003,14.27,INR
PAY-00139,PAY-00139,Vendor 39,1190.43,2026-02-16 00:00:00,SET-0003,14.29,INR
PAY-00140,PAY-00140,Vendor 40,1191.8,2026-02-16 08:00:00,SET-0003,14.3,INR
PAY-00141,PAY-00141,Vendor 41,1193.17,2026-02-16 16:00:00,SET-0003,14.32,INR
PAY-00142,PAY-00142,Vendor 42,1194.54,2026-02-17 00:00:00,SET-0003,14.33,INR
PAY-00143,PAY-00143,Vendor 43,1195.91,2026-02-17 08:00:00,SET-0003,14.35,INR
PAY-00144,PAY-00144,Vendor 44,1197.28,2026-02-17 16:00:00,SET-0003,14.37,INR
PAY-00145,PAY-00145,Vendor 45,1198.65,2026-02-18 00:00:00,SET-0003,14.38,INR
PAY-00146,PAY-00146,Vendor 46,1200.02,2026-02-18 08:00:00,SET-0003,14.4,INR
PAY-00147,PAY-00147,Vendor 47,1201.39,2026-02-18 16:00:00,SET-0003,14.42,INR
PAY-00148,PAY-00148,Vendor 48,1202.76,2026-02-19 00:00:00,SET-0003,14.43,INR
PAY-00149,PAY-00149,Vendor 49,1204.13,2026-02-19 08:00:00,SET-0003,14.45,INR
PAY-00150,PAY-00150,Vendor 50,1205.5,2026-02-19 16:00:00,SET-0003,14.47,INR
PAY-00151,PAY-00151,Vendor 01,1206.87,2026-02-20 00:00:00,SET-0004,14.48,INR
PAY-00152,PAY-00152,Vendor 02,1208.24,2026-02-20 08:00:00,SET-0004,14.5,INR
PAY-00153,PAY-00153,Vendor 03,1209.61,2026-02-20 16:00:00,SET-0004,14.52,INR
PAY-00154,PAY-00154,Vendor 04,1210.98,2026-02-21 00:00:00,SET-0004,14.53,INR
PAY-00155,PAY-00155,Vendor 05,1212.35,2026-02-21 08:00:00,SET-0004,14.55,INR
PAY-00156,PAY-00156,Vendor 06,1213.72,2026-02-21 16:00:00,SET-0004,14.56,INR
PAY-00157,PAY-00157,Vendor 07,1215.09,2026-02-22 00:00:00,SET-0004,14.58,INR
PAY-00158,PAY-00158,Vendor 08,1216.46,2026-02-22 08:00:00,SET-0004,14.6,INR
PAY-00159,PAY-00159,Vendor 09,1217.83,2026-02-22 16:00:00,SET-0004,14.61,INR
PAY-00160,PAY-00160,Vendor 10,1219.2,2026-02-23 00:00:00,SET-0004,14.63,INR
PAY-00161,PAY-00161,Vendor 11,1220.57,2026-02-23 08:00:00,SET-0004,14.65,INR
PAY-00162,PAY-00162,Vendor 12,1221.94,2026-02-23 16:00:00,SET-0004,14.66,INR
PAY-00163,PAY-00163,Vendor 13,1223.31,2026-02-24 00:00:00,SET-0004,14.68,INR
PAY-00164,PAY-00164,Vendor 14,1224.68,2026-02-24 08:00:00,SET-0004,14.7,INR
PAY-00165,PAY-00165,Vendor 15,1226.05,2026-02-24 16:00:00,SET-0004,14.71,INR
PAY-00166,PAY-00166,Vendor 16,1227.42,2026-02-25 00:00:00,SET-0004,14.73,INR
PAY-00167,PAY-00167,Vendor 17,1228.79,2026-02-25 08:00:00,SET-0004,14.75,INR
PAY-00168,PAY-00168,Vendor 18,1230.16,2026-02-25 16:00:00,SET-0004,14.76,INR
PAY-00169,PAY-00169,Vendor 19,1231.53,2026-02-26 00:00:00,SET-0004,14.78,INR
PAY-00170,PAY-00170,Vendor 20,1232.9,2026-02-26 08:00:00,SET-0004,14.79,INR
PAY-00171,PAY-00171,Vendor 21,1234.27,2026-02-26 16:00:00,SET-0004,14.81,INR
PAY-00172,PAY-00172,Vendor 22,1235.64,2026-02-27 00:00:00,SET-0004,14.83,INR
PAY-00173,PAY-00173,Vendor 23,1237.01,2026-02-27 08:00:00,SET-0004,14.84,INR
PAY-00174,PAY-00174,Vendor 24,1238.38,2026-02-27 16:00:00,SET-0004,14.86,INR
PAY-00175,PAY-00175,Vendor 25,1239.75,2026-02-28 00:00:00,SET-0004,14.88,INR
PAY-00176,PAY-00176,Vendor 26,1241.12,2026-02-28 08:00:00,SET-0004,14.89,INR
PAY-00177,PAY-00177,Vendor 27,1242.49,2026-02-28 16:00:00,SET-0004,14.91,INR
PAY-00178,PAY-00178,Vendor 28,1243.86,2026-03-01 00:00:00,SET-0004,14.93,INR
PAY-00179,PAY-00179,Vendor 29,1245.23,2026-03-01 08:00:00,SET-0004,14.94,INR
PAY-00180,PAY-00180,Vendor 30,1246.6,2026-03-01 16:00:00,SET-0004,14.96,INR
PAY-00181,PAY-00181,Vendor 31,1247.97,2026-03-02 00:00:00,SET-0004,14.98,INR
PAY-00182,PAY-00182,Vendor 32,1249.34,2026-03-02 08:00:00,SET-0004,14.99,INR
PAY-00183,PAY-00183,Vendor 33,1250.71,2026-03-02 16:00:00,SET-0004,15.01,INR
PAY-00184,PAY-00184,Vendor 34,1252.08,2026-03-03 00:00:00,SET-0004,15.02,INR
PAY-00185,PAY-00185,Vendor 35,1253.45,2026-03-03 08:00:00,SET-0004,15.04,INR
PAY-00186,PAY-00186,Vendor 36,1254.82,2026-03-03 16:00:00,SET-0004,15.06,INR
PAY-00187,PAY-00187,Vendor 37,1256.19,2026-03-04 00:00:00,SET-0004,15.07,INR
PAY-00188,PAY-00188,Vendor 38,1257.56,2026-03-04 08:00:00,SET-0004,15.09,INR
PAY-00189,PAY-00189,Vendor 39,1258.93,2026-03-04 16:00:00,SET-0004,15.11,INR
PAY-00190,PAY-00190,Vendor 40,1260.3,2026-03-05 00:00:00,SET-0004,15.12,INR
PAY-00191,PAY-00191,Vendor 41,1261.67,2026-03-05 08:00:00,SET-0004,15.14,INR
PAY-00192,PAY-00192,Vendor 42,1263.04,2026-03-05 16:00:00,SET-0004,15.16,INR
PAY-00193,PAY-00193,Vendor 43,1264.41,2026-03-06 00:00:00,SET-0004,15.17,INR
PAY-00194,PAY-00194,Vendor 44,1265.78,2026-03-06 08:00:00,SET-0004,15.19,INR
PAY-00195,PAY-00195,Vendor 45,1267.15,2026-03-06 16:00:00,SET-0004,15.21,INR
PAY-00196,PAY-00196,Vendor 46,1268.52,2026-03-07 00:00:00,SET-0004,15.22,INR
PAY-00197,PAY-00197,Vendor 47,1269.89,2026-03-07 08:00:00,SET-0004,15.24,INR
PAY-00198,PAY-00198,Vendor 48,1271.26,2026-03-07 16:00:00,SET-0004,15.26,INR
PAY-00199,PAY-00199,Vendor 49,1272.63,2026-03-08 00:00:00,SET-0004,15.27,INR
PAY-00200,PAY-00200,Vendor 50,1274.0,2026-03-08 08:00:00,SET-0004,15.29,INR
PAY-00201,PAY-00201,Vendor 01,1275.37,2026-03-08 16:00:00,SET-0005,15.3,INR
PAY-00202,PAY-00202,Vendor 02,1276.74,2026-03-09 00:00:00,SET-0005,15.32,INR
PAY-00203,PAY-00203,Vendor 03,1278.11,2026-03-09 08:00:00,SET-0005,15.34,INR
PAY-00204,PAY-00204,Vendor 04,1279.48,2026-03-09 16:00:00,SET-0005,15.35,INR
PAY-00205,PAY-00205,Vendor 05,1280.85,2026-03-10 00:00:00,SET-0005,15.37,INR
PAY-00206,PAY-00206,Vendor 06,1282.22,2026-03-10 08:00:00,SET-0005,15.39,INR
PAY-00207,PAY-00207,Vendor 07,1283.59,2026-03-10 16:00:00,SET-0005,15.4,INR
PAY-00208,PAY-00208,Vendor 08,1284.96,2026-03-11 00:00:00,SET-0005,15.42,INR
PAY-00209,PAY-00209,Vendor 09,1286.33,2026-03-11 08:00:00,SET-0005,15.44,INR
PAY-00210,PAY-00210,Vendor 10,1287.7,2026-03-11 16:00:00,SET-0005,15.45,INR
PAY-00211,PAY-00211,Vendor 11,1289.07,2026-03-12 00:00:00,SET-0005,15.47,INR
PAY-00212,PAY-00212,Vendor 12,1290.44,2026-03-12 08:00:00,SET-0005,15.49,INR
PAY-00213,PAY-00213,Vendor 13,1291.81,2026-03-12 16:00:00,SET-0005,15.5,INR
PAY-00214,PAY-00214,Vendor 14,1293.18,2026-03-13 00:00:00,SET-0005,15.52,INR
PAY-00215,PAY-00215,Vendor 15,1294.55,2026-03-13 08:00:00,SET-0005,15.53,INR
PAY-00216,PAY-00216,Vendor 16,1295.92,2026-03-13 16:00:00,SET-0005,15.55,INR
PAY-00217,PAY-00217,Vendor 17,1297.29,2026-03-14 00:00:00,SET-0005,15.57,INR
PAY-00218,PAY-00218,Vendor 18,1298.66,2026-03-14 08:00:00,SET-0005,15.58,INR
PAY-00219,PAY-00219,Vendor 19,1300.03,2026-03-14 16:00:00,SET-0005,15.6,INR
PAY-00220,PAY-00220,Vendor 20,1301.4,2026-03-15 00:00:00,SET-0005,15.62,INR
PAY-00221,PAY-00221,Vendor 21,1302.77,2026-03-15 08:00:00,SET-0005,15.63,INR
PAY-00222,PAY-00222,Vendor 22,1304.14,2026-03-15 16:00:00,SET-0005,15.65,INR
PAY-00223,PAY-00223,Vendor 23,1305.51,2026-03-16 00:00:00,SET-0005,15.67,INR
PAY-00224,PAY-00224,Vendor 24,1306.88,2026-03-16 08:00:00,SET-0005,15.68,INR
PAY-00225,PAY-00225,Vendor 25,1308.25,2026-03-16 16:00:00,SET-0005,15.7,INR
PAY-00226,PAY-00226,Vendor 26,1309.62,2026-03-17 00:00:00,SET-0005,15.72,INR
PAY-00227,PAY-00227,Vendor 27,1310.99,2026-03-17 08:00:00,SET-0005,15.73,INR
PAY-00228,PAY-00228,Vendor 28,1312.36,2026-03-17 16:00:00,SET-0005,15.75,INR
PAY-00229,PAY-00229,Vendor 29,1313.73,2026-03-18 00:00:00,SET-0005,15.76,INR
PAY-00230,PAY-00230,Vendor 30,1315.1,2026-03-18 08:00:00,SET-0005,15.78,INR
PAY-00231,PAY-00231,Vendor 31,1316.47,2026-03-18 16:00:00,SET-0005,15.8,INR
PAY-00232,PAY-00232,Vendor 32,1317.84,2026-03-19 00:00:00,SET-0005,15.81,INR
PAY-00233,PAY-00233,Vendor 33,1319.21,2026-03-19 08:00:00,SET-0005,15.83,INR
PAY-00234,PAY-00234,Vendor 34,1320.58,2026-03-19 16:00:00,SET-0005,15.85,INR
PAY-00235,PAY-00235,Vendor 35,1321.95,2026-03-20 00:00:00,SET-0005,15.86,INR
PAY-00236,PAY-00236,Vendor 36,1323.32,2026-03-20 08:00:00,SET-0005,15.88,INR
PAY-00237,PAY-00237,Vendor 37,1324.69,2026-03-20 16:00:00,SET-0005,15.9,INR
PAY-00238,PAY-00238,Vendor 38,1326.06,2026-03-21 00:00:00,SET-0005,15.91,INR
PAY-00239,PAY-00239,Vendor 39,1327.43,2026-03-21 08:00:00,SET-0005,15.93,INR
PAY-00240,PAY-00240,Vendor 40,1328.8,2026-03-21 16:00:00,SET-0005,15.95,INR
PAY-00241,PAY-00241,Vendor 41,1330.17,2026-03-22 00:00:00,SET-0005,15.96,INR
PAY-00242,PAY-00242,Vendor 42,1331.54,2026-03-22 08:00:00,SET-0005,15.98,INR
PAY-00243,PAY-00243,Vendor 43,1332.91,2026-03-22 16:00:00,SET-0005,15.99,INR
PAY-00244,PAY-00244,Vendor 44,1334.28,2026-03-23 00:00:00,SET-0005,16.01,INR
PAY-00245,PAY-00245,Vendor 45,1335.65,2026-03-23 08:00:00,SET-0005,16.03,INR
PAY-00246,PAY-00246,Vendor 46,1337.02,2026-03-23 16:00:00,SET-0005,16.04,INR
PAY-00247,PAY-00247,Vendor 47,1338.39,2026-03-24 00:00:00,SET-0005,16.06,INR
PAY-00248,PAY-00248,Vendor 48,1339.76,2026-03-24 08:00:00,SET-0005,16.08,INR
PAY-00249,PAY-00249,Vendor 49,1341.13,2026-03-24 16:00:00,SET-0005,16.09,INR
PAY-00250,PAY-00250,Vendor 50,1342.5,2026-03-25 00:00:00,SET-0005,16.11,INR
PAY-00251,PAY-00251,Vendor 01,1343.87,2026-03-25 08:00:00,SET-0006,16.13,INR
PAY-00252,PAY-00252,Vendor 02,1345.24,2026-03-25 16:00:00,SET-0006,16.14,INR
PAY-00253,PAY-00253,Vendor 03,1346.61,2026-03-26 00:00:00,SET-0006,16.16,INR
PAY-00254,PAY-00254,Vendor 04,1347.98,2026-03-26 08:00:00,SET-0006,16.18,INR
PAY-00255,PAY-00255,Vendor 05,1349.35,2026-03-26 16:00:00,SET-0006,16.19,INR
PAY-00256,PAY-00256,Vendor 06,1350.72,2026-03-27 00:00:00,SET-0006,16.21,INR
PAY-00257,PAY-00257,Vendor 07,1352.09,2026-03-27 08:00:00,SET-0006,16.23,INR
PAY-00258,PAY-00258,Vendor 08,1353.46,2026-03-27 16:00:00,SET-0006,16.24,INR
PAY-00259,PAY-00259,Vendor 09,1354.83,2026-03-28 00:00:00,SET-0006,16.26,INR
PAY-00260,PAY-00260,Vendor 10,1356.2,2026-03-28 08:00:00,SET-0006,16.27,INR
PAY-00261,PAY-00261,Vendor 11,1357.57,2026-03-28 16:00:00,SET-0006,16.29,INR
PAY-00262,PAY-00262,Vendor 12,1358.94,2026-03-29 00:00:00,SET-0006,16.31,INR
PAY-00263,PAY-00263,Vendor 13,1360.31,2026-03-29 08:00:00,SET-0006,16.32,INR
PAY-00264,PAY-00264,Vendor 14,1361.68,2026-03-29 16:00:00,SET-0006,16.34,INR
PAY-00265,PAY-00265,Vendor 15,1363.05,2026-03-30 00:00:00,SET-0006,16.36,INR
PAY-00266,PAY-00266,Vendor 16,1364.42,2026-03-30 08:00:00,SET-0006,16.37,INR
PAY-00267,PAY-00267,Vendor 17,1365.79,2026-03-30 16:00:00,SET-0006,16.39,INR
PAY-00268,PAY-00268,Vendor 18,1367.16,2026-03-31 00:00:00,SET-0006,16.41,INR
PAY-00269,PAY-00269,Vendor 19,1368.53,2026-03-31 08:00:00,SET-0006,16.42,INR
PAY-00270,PAY-00270,Vendor 20,1369.9,2026-03-31 16:00:00,SET-0006,16.44,INR
PAY-00271,PAY-00271,Vendor 21,1371.27,2026-04-01 00:00:00,SET-0006,16.46,INR
PAY-00272,PAY-00272,Vendor 22,1372.64,2026-04-01 08:00:00,SET-0006,16.47,INR
PAY-00273,PAY-00273,Vendor 23,1374.01,2026-04-01 16:00:00,SET-0006,16.49,INR
PAY-00274,PAY-00274,Vendor 24,1375.38,2026-04-02 00:00:00,SET-0006,16.5,INR
PAY-00275,PAY-00275,Vendor 25,1376.75,2026-04-02 08:00:00,SET-0006,16.52,INR
PAY-00276,PAY-00276,Vendor 26,1378.12,2026-04-02 16:00:00,SET-0006,16.54,INR
PAY-00277,PAY-00277,Vendor 27,1379.49,2026-04-03 00:00:00,SET-0006,16.55,INR
PAY-00278,PAY-00278,Vendor 28,1380.86,2026-04-03 08:00:00,SET-0006,16.57,INR
PAY-00279,PAY-00279,Vendor 29,1382.23,2026-04-03 16:00:00,SET-0006,16.59,INR
PAY-00280,PAY-00280,Vendor 30,1383.6,2026-04-04 00:00:00,SET-0006,16.6,INR
PAY-00281,PAY-00281,Vendor 31,1384.97,2026-04-04 08:00:00,SET-0006,16.62,INR
PAY-00282,PAY-00282,Vendor 32,1386.34,2026-04-04 16:00:00,SET-0006,16.64,INR
PAY-00283,PAY-00283,Vendor 33,1387.71,2026-04-05 00:00:00,SET-0006,16.65,INR
PAY-00284,PAY-00284,Vendor 34,1389.08,2026-04-05 08:00:00,SET-0006,16.67,INR
PAY-00285,PAY-00285,Vendor 35,1390.45,2026-04-05 16:00:00,SET-0006,16.69,INR
PAY-00286,PAY-00286,Vendor 36,1391.82,2026-04-06 00:00:00,SET-0006,16.7,INR
PAY-00287,PAY-00287,Vendor 37,1393.19,2026-04-06 08:00:00,SET-0006,16.72,INR
PAY-00288,PAY-00288,Vendor 38,1394.56,2026-04-06 16:00:00,SET-0006,16.73,INR
PAY-00289,PAY-00289,Vendor 39,1395.93,2026-04-07 00:00:00,SET-0006,16.75,INR
PAY-00290,PAY-00290,Vendor 40,1397.3,2026-04-07 08:00:00,SET-0006,16.77,INR
PAY-00291,PAY-00291,Vendor 41,1398.67,2026-04-07 16:00:00,SET-0006,16.78,INR
PAY-00292,PAY-00292,Vendor 42,1400.04,2026-04-08 00:00:00,SET-0006,16.8,INR
PAY-00293,PAY-00293,Vendor 43,1401.41,2026-04-08 08:00:00,SET-0006,16.82,INR
PAY-00294,PAY-00294,Vendor 44,1402.78,2026-04-08 16:00:00,SET-0006,16.83,INR
PAY-00295,PAY-00295,Vendor 45,1404.15,2026-04-09 00:00:00,SET-0006,16.85,INR
PAY-00296,PAY-00296,Vendor 46,1405.52,2026-04-09 08:00:00,SET-0006,16.87,INR
PAY-00297,PAY-00297,Vendor 47,1406.89,2026-04-09 16:00:00,SET-0006,16.88,INR
PAY-00298,PAY-00298,Vendor 48,1408.26,2026-04-10 00:00:00,SET-0006,16.9,INR
PAY-00299,PAY-00299,Vendor 49,1409.63,2026-04-10 08:00:00,SET-0006,16.92,INR
PAY-00300,PAY-00300,Vendor 50,1411.0,2026-04-10 16:00:00,SET-0006,16.93,INR
PAY-00301,PAY-00301,Vendor 01,1412.37,2026-04-11 00:00:00,SET-0007,16.95,INR
PAY-00302,PAY-00302,Vendor 02,1413.74,2026-04-11 08:00:00,SET-0007,16.96,INR
PAY-00303,PAY-00303,Vendor 03,1415.11,2026-04-11 16:00:00,SET-0007,16.98,INR
PAY-00304,PAY-00304,Vendor 04,1416.48,2026-04-12 00:00:00,SET-0007,17.0,INR
PAY-00305,PAY-00305,Vendor 05,1417.85,2026-04-12 08:00:00,SET-0007,17.01,INR
PAY-00306,PAY-00306,Vendor 06,1419.22,2026-04-12 16:00:00,SET-0007,17.03,INR
PAY-00307,PAY-00307,Vendor 07,1420.59,2026-04-13 00:00:00,SET-0007,17.05,INR
PAY-00308,PAY-00308,Vendor 08,1421.96,2026-04-13 08:00:00,SET-0007,17.06,INR
PAY-00309,PAY-00309,Vendor 09,1423.33,2026-04-13 16:00:00,SET-0007,17.08,INR
PAY-00310,PAY-00310,Vendor 10,1424.7,2026-04-14 00:00:00,SET-0007,17.1,INR
PAY-00311,PAY-00311,Vendor 11,1426.07,2026-04-14 08:00:00,SET-0007,17.11,INR
PAY-00312,PAY-00312,Vendor 12,1427.44,2026-04-14 16:00:00,SET-0007,17.13,INR
PAY-00313,PAY-00313,Vendor 13,1428.81,2026-04-15 00:00:00,SET-0007,17.15,INR
PAY-00314,PAY-00314,Vendor 14,1430.18,2026-04-15 08:00:00,SET-0007,17.16,INR
PAY-00315,PAY-00315,Vendor 15,1431.55,2026-04-15 16:00:00,SET-0007,17.18,INR
PAY-00316,PAY-00316,Vendor 16,1432.92,2026-04-16 00:00:00,SET-0007,17.2,INR
PAY-00317,PAY-00317,Vendor 17,1434.29,2026-04-16 08:00:00,SET-0007,17.21,INR
PAY-00318,PAY-00318,Vendor 18,1435.66,2026-04-16 16:00:00,SET-0007,17.23,INR
PAY-00319,PAY-00319,Vendor 19,1437.03,2026-04-17 00:00:00,SET-0007,17.24,INR
PAY-00320,PAY-00320,Vendor 20,1438.4,2026-04-17 08:00:00,SET-0007,17.26,INR
PAY-00321,PAY-00321,Vendor 21,1439.77,2026-04-17 16:00:00,SET-0007,17.28,INR
PAY-00322,PAY-00322,Vendor 22,1441.14,2026-04-18 00:00:00,SET-0007,17.29,INR
PAY-00323,PAY-00323,Vendor 23,1442.51,2026-04-18 08:00:00,SET-0007,17.31,INR
PAY-00324,PAY-00324,Vendor 24,1443.88,2026-04-18 16:00:00,SET-0007,17.33,INR
PAY-00325,PAY-00325,Vendor 25,1445.25,2026-04-19 00:00:00,SET-0007,17.34,INR
PAY-00326,PAY-00326,Vendor 26,1446.62,2026-04-19 08:00:00,SET-0007,17.36,INR
PAY-00327,PAY-00327,Vendor 27,1447.99,2026-04-19 16:00:00,SET-0007,17.38,INR
PAY-00328,PAY-00328,Vendor 28,1449.36,2026-04-20 00:00:00,SET-0007,17.39,INR
PAY-00329,PAY-00329,Vendor 29,1450.73,2026-04-20 08:00:00,SET-0007,17.41,INR
PAY-00330,PAY-00330,Vendor 30,1452.1,2026-04-20 16:00:00,SET-0007,17.43,INR
PAY-00331,PAY-00331,Vendor 31,1453.47,2026-04-21 00:00:00,SET-0007,17.44,INR
PAY-00332,PAY-00332,Vendor 32,1454.84,2026-04-21 08:00:00,SET-0007,17.46,INR
PAY-00333,PAY-00333,Vendor 33,1456.21,2026-04-21 16:00:00,SET-0007,17.47,INR
PAY-00334,PAY-00334,Vendor 34,1457.58,2026-04-22 00:00:00,SET-0007,17.49,INR
PAY-00335,PAY-00335,Vendor 35,1458.95,2026-04-22 08:00:00,SET-0007,17.51,INR
PAY-00336,PAY-00336,Vendor 36,1460.32,2026-04-22 16:00:00,SET-0007,17.52,INR
PAY-00337,PAY-00337,Vendor 37,1461.69,2026-04-23 00:00:00,SET-0007,17.54,INR
PAY-00338,PAY-00338,Vendor 38,1463.06,2026-04-23 08:00:00,SET-0007,17.56,INR
PAY-00339,PAY-00339,Vendor 39,1464.43,2026-04-23 16:00:00,SET-0007,17.57,INR
PAY-00340,PAY-00340,Vendor 40,1465.8,2026-04-24 00:00:00,SET-0007,17.59,INR
PAY-00341,PAY-00341,Vendor 41,1467.17,2026-04-24 08:00:00,SET-0007,17.61,INR
PAY-00342,PAY-00342,Vendor 42,1468.54,2026-04-24 16:00:00,SET-0007,17.62,INR
PAY-00343,PAY-00343,Vendor 43,1469.91,2026-04-25 00:00:00,SET-0007,17.64,INR
PAY-00344,PAY-00344,Vendor 44,1471.28,2026-04-25 08:00:00,SET-0007,17.66,INR
PAY-00345,PAY-00345,Vendor 45,1472.65,2026-04-25 16:00:00,SET-0007,17.67,INR
PAY-00346,PAY-00346,Vendor 46,1474.02,2026-04-26 00:00:00,SET-0007,17.69,INR
PAY-00347,PAY-00347,Vendor 47,1475.39,2026-04-26 08:00:00,SET-0007,17.7,INR
PAY-00348,PAY-00348,Vendor 48,1476.76,2026-04-26 16:00:00,SET-0007,17.72,INR
PAY-00349,PAY-00349,Vendor 49,1478.13,2026-04-27 00:00:00,SET-0007,17.74,INR
PAY-00350,PAY-00350,Vendor 50,1479.5,2026-04-27 08:00:00,SET-0007,17.75,INR
PAY-00351,PAY-00351,Vendor 01,1480.87,2026-04-27 16:00:00,SET-0008,17.77,INR
PAY-00352,PAY-00352,Vendor 02,1482.24,2026-04-28 00:00:00,SET-0008,17.79,INR
PAY-00353,PAY-00353,Vendor 03,1483.61,2026-04-28 08:00:00,SET-0008,17.8,INR
PAY-00354,PAY-00354,Vendor 04,1484.98,2026-04-28 16:00:00,SET-0008,17.82,INR
PAY-00355,PAY-00355,Vendor 05,1486.35,2026-04-29 00:00:00,SET-0008,17.84,INR
PAY-00356,PAY-00356,Vendor 06,1487.72,2026-04-29 08:00:00,SET-0008,17.85,INR
PAY-00357,PAY-00357,Vendor 07,1489.09,2026-04-29 16:00:00,SET-0008,17.87,INR
PAY-00358,PAY-00358,Vendor 08,1490.46,2026-04-30 00:00:00,SET-0008,17.89,INR
PAY-00359,PAY-00359,Vendor 09,1491.83,2026-04-30 08:00:00,SET-0008,17.9,INR
PAY-00360,PAY-00360,Vendor 10,1493.2,2026-04-30 16:00:00,SET-0008,17.92,INR
PAY-00361,PAY-00361,Vendor 11,1494.57,2026-05-01 00:00:00,SET-0008,17.93,INR
PAY-00362,PAY-00362,Vendor 12,1495.94,2026-05-01 08:00:00,SET-0008,17.95,INR
PAY-00363,PAY-00363,Vendor 13,1497.31,2026-05-01 16:00:00,SET-0008,17.97,INR
PAY-00364,PAY-00364,Vendor 14,1498.68,2026-05-02 00:00:00,SET-0008,17.98,INR
PAY-00365,PAY-00365,Vendor 15,1500.05,2026-05-02 08:00:00,SET-0008,18.0,INR
PAY-00366,PAY-00366,Vendor 16,1501.42,2026-05-02 16:00:00,SET-0008,18.02,INR
PAY-00367,PAY-00367,Vendor 17,1502.79,2026-05-03 00:00:00,SET-0008,18.03,INR
PAY-00368,PAY-00368,Vendor 18,1504.16,2026-05-03 08:00:00,SET-0008,18.05,INR
PAY-00369,PAY-00369,Vendor 19,1505.53,2026-05-03 16:00:00,SET-0008,18.07,INR
PAY-00370,PAY-00370,Vendor 20,1506.9,2026-05-04 00:00:00,SET-0008,18.08,INR
PAY-00371,PAY-00371,Vendor 21,1508.27,2026-05-04 08:00:00,SET-0008,18.1,INR
PAY-00372,PAY-00372,Vendor 22,1509.64,2026-05-04 16:00:00,SET-0008,18.12,INR
PAY-00373,PAY-00373,Vendor 23,1511.01,2026-05-05 00:00:00,SET-0008,18.13,INR
PAY-00374,PAY-00374,Vendor 24,1512.38,2026-05-05 08:00:00,SET-0008,18.15,INR
PAY-00375,PAY-00375,Vendor 25,1513.75,2026-05-05 16:00:00,SET-0008,18.16,INR
PAY-00376,PAY-00376,Vendor 26,1515.12,2026-05-06 00:00:00,SET-0008,18.18,INR
PAY-00377,PAY-00377,Vendor 27,1516.49,2026-05-06 08:00:00,SET-0008,18.2,INR
PAY-00378,PAY-00378,Vendor 28,1517.86,2026-05-06 16:00:00,SET-0008,18.21,INR
PAY-00379,PAY-00379,Vendor 29,1519.23,2026-05-07 00:00:00,SET-0008,18.23,INR
PAY-00380,PAY-00380,Vendor 30,1520.6,2026-05-07 08:00:00,SET-0008,18.25,INR
PAY-00381,PAY-00381,Vendor 31,1521.97,2026-05-07 16:00:00,SET-0008,18.26,INR
PAY-00382,PAY-00382,Vendor 32,1523.34,2026-05-08 00:00:00,SET-0008,18.28,INR
PAY-00383,PAY-00383,Vendor 33,1524.71,2026-05-08 08:00:00,SET-0008,18.3,INR
PAY-00384,PAY-00384,Vendor 34,1526.08,2026-05-08 16:00:00,SET-0008,18.31,INR
PAY-00385,PAY-00385,Vendor 35,1527.45,2026-05-09 00:00:00,SET-0008,18.33,INR
PAY-00386,PAY-00386,Vendor 36,1528.82,2026-05-09 08:00:00,SET-0008,18.35,INR
PAY-00387,PAY-00387,Vendor 37,1530.19,2026-05-09 16:00:00,SET-0008,18.36,INR
PAY-00388,PAY-00388,Vendor 38,1531.56,2026-05-10 00:00:00,SET-0008,18.38,INR
PAY-00389,PAY-00389,Vendor 39,1532.93,2026-05-10 08:00:00,SET-0008,18.4,INR
PAY-00390,PAY-00390,Vendor 40,1534.3,2026-05-10 16:00:00,SET-0008,18.41,INR
PAY-00391,PAY-00391,Vendor 41,1535.67,2026-05-11 00:00:00,SET-0008,18.43,INR
PAY-00392,PAY-00392,Vendor 42,1537.04,2026-05-11 08:00:00,SET-0008,18.44,INR
PAY-00393,PAY-00393,Vendor 43,1538.41,2026-05-11 16:00:00,SET-0008,18.46,INR
PAY-00394,PAY-00394,Vendor 44,1539.78,2026-05-12 00:00:00,SET-0008,18.48,INR
PAY-00395,PAY-00395,Vendor 45,1541.15,2026-05-12 08:00:00,SET-0008,18.49,INR
PAY-00396,PAY-00396,Vendor 46,1542.52,2026-05-12 16:00:00,SET-0008,18.51,INR
PAY-00397,PAY-00397,Vendor 47,1543.89,2026-05-13 00:00:00,SET-0008,18.53,INR
PAY-00398,PAY-00398,Vendor 48,1545.26,2026-05-13 08:00:00,SET-0008,18.54,INR
PAY-00399,PAY-00399,Vendor 49,1546.63,2026-05-13 16:00:00,SET-0008,18.56,INR
PAY-00400,PAY-00400,Vendor 50,1548.0,2026-05-14 00:00:00,SET-0008,18.58,INR
PAY-00401,PAY-00401,Vendor 01,1549.37,2026-05-14 08:00:00,SET-0009,18.59,INR
PAY-00402,PAY-00402,Vendor 02,1550.74,2026-05-14 16:00:00,SET-0009,18.61,INR
PAY-00403,PAY-00403,Vendor 03,1552.11,2026-05-15 00:00:00,SET-0009,18.63,INR
PAY-00404,PAY-00404,Vendor 04,1553.48,2026-05-15 08:00:00,SET-0009,18.64,INR
PAY-00405,PAY-00405,Vendor 05,1554.85,2026-05-15 16:00:00,SET-0009,18.66,INR
PAY-00406,PAY-00406,Vendor 06,1556.22,2026-05-16 00:00:00,SET-0009,18.67,INR
PAY-00407,PAY-00407,Vendor 07,1557.59,2026-05-16 08:00:00,SET-0009,18.69,INR
PAY-00408,PAY-00408,Vendor 08,1558.96,2026-05-16 16:00:00,SET-0009,18.71,INR
PAY-00409,PAY-00409,Vendor 09,1560.33,2026-05-17 00:00:00,SET-0009,18.72,INR
PAY-00410,PAY-00410,Vendor 10,1561.7,2026-05-17 08:00:00,SET-0009,18.74,INR
PAY-00411,PAY-00411,Vendor 11,1563.07,2026-05-17 16:00:00,SET-0009,18.76,INR
PAY-00412,PAY-00412,Vendor 12,1564.44,2026-05-18 00:00:00,SET-0009,18.77,INR
PAY-00413,PAY-00413,Vendor 13,1565.81,2026-05-18 08:00:00,SET-0009,18.79,INR
PAY-00414,PAY-00414,Vendor 14,1567.18,2026-05-18 16:00:00,SET-0009,18.81,INR
PAY-00415,PAY-00415,Vendor 15,1568.55,2026-05-19 00:00:00,SET-0009,18.82,INR
PAY-00416,PAY-00416,Vendor 16,1569.92,2026-05-19 08:00:00,SET-0009,18.84,INR
PAY-00417,PAY-00417,Vendor 17,1571.29,2026-05-19 16:00:00,SET-0009,18.86,INR
PAY-00418,PAY-00418,Vendor 18,1572.66,2026-05-20 00:00:00,SET-0009,18.87,INR
PAY-00419,PAY-00419,Vendor 19,1574.03,2026-05-20 08:00:00,SET-0009,18.89,INR
PAY-00420,PAY-00420,Vendor 20,1575.4,2026-05-20 16:00:00,SET-0009,18.9,INR
PAY-00421,PAY-00421,Vendor 21,1576.77,2026-05-21 00:00:00,SET-0009,18.92,INR
PAY-00422,PAY-00422,Vendor 22,1578.14,2026-05-21 08:00:00,SET-0009,18.94,INR
PAY-00423,PAY-00423,Vendor 23,1579.51,2026-05-21 16:00:00,SET-0009,18.95,INR
PAY-00424,PAY-00424,Vendor 24,1580.88,2026-05-22 00:00:00,SET-0009,18.97,INR
PAY-00425,PAY-00425,Vendor 25,1582.25,2026-05-22 08:00:00,SET-0009,18.99,INR
PAY-00426,PAY-00426,Vendor 26,1583.62,2026-05-22 16:00:00,SET-0009,19.0,INR
PAY-00427,PAY-00427,Vendor 27,1584.99,2026-05-23 00:00:00,SET-0009,19.02,INR
PAY-00428,PAY-00428,Vendor 28,1586.36,2026-05-23 08:00:00,SET-0009,19.04,INR
PAY-00429,PAY-00429,Vendor 29,1587.73,2026-05-23 16:00:00,SET-0009,19.05,INR
PAY-00430,PAY-00430,Vendor 30,1589.1,2026-05-24 00:00:00,SET-0009,19.07,INR
PAY-00431,PAY-00431,Vendor 31,1590.47,2026-05-24 08:00:00,SET-0009,19.09,INR
PAY-00432,PAY-00432,Vendor 32,1591.84,2026-05-24 16:00:00,SET-0009,19.1,INR
PAY-00433,PAY-00433,Vendor 33,1593.21,2026-05-25 00:00:00,SET-0009,19.12,INR
PAY-00434,PAY-00434,Vendor 34,1594.58,2026-05-25 08:00:00,SET-0009,19.13,INR
PAY-00435,PAY-00435,Vendor 35,1595.95,2026-05-25 16:00:00,SET-0009,19.15,INR
PAY-00436,PAY-00436,Vendor 36,1597.32,2026-05-26 00:00:00,SET-0009,19.17,INR
PAY-00437,PAY-00437,Vendor 37,1598.69,2026-05-26 08:00:00,SET-0009,19.18,INR
PAY-00438,PAY-00438,Vendor 38,1600.06,2026-05-26 16:00:00,SET-0009,19.2,INR
PAY-00439,PAY-00439,Vendor 39,1601.43,2026-05-27 00:00:00,SET-0009,19.22,INR
PAY-00440,PAY-00440,Vendor 40,1602.8,2026-05-27 08:00:00,SET-0009,19.23,INR
PAY-00441,PAY-00441,Vendor 41,1604.17,2026-05-27 16:00:00,SET-0009,19.25,INR
PAY-00442,PAY-00442,Vendor 42,1605.54,2026-05-28 00:00:00,SET-0009,19.27,INR
PAY-00443,PAY-00443,Vendor 43,1606.91,2026-05-28 08:00:00,SET-0009,19.28,INR
PAY-00444,PAY-00444,Vendor 44,1608.28,2026-05-28 16:00:00,SET-0009,19.3,INR
PAY-00445,PAY-00445,Vendor 45,1609.65,2026-05-29 00:00:00,SET-0009,19.32,INR
PAY-00446,PAY-00446,Vendor 46,1611.02,2026-05-29 08:00:00,SET-0009,19.33,INR
PAY-00447,PAY-00447,Vendor 47,1612.39,2026-05-29 16:00:00,SET-0009,19.35,INR
PAY-00448,PAY-00448,Vendor 48,1613.76,2026-05-30 00:00:00,SET-0009,19.37,INR
PAY-00449,PAY-00449,Vendor 49,1615.13,2026-05-30 08:00:00,SET-0009,19.38,INR
PAY-00450,PAY-00450,Vendor 50,1616.5,2026-05-30 16:00:00,SET-0009,19.4,INR
PAY-00451,PAY-00451,Vendor 01,1617.87,2026-05-31 00:00:00,SET-0010,19.41,INR
PAY-00452,PAY-00452,Vendor 02,1619.24,2026-05-31 08:00:00,SET-0010,19.43,INR
PAY-00453,PAY-00453,Vendor 03,1620.61,2026-05-31 16:00:00,SET-0010,19.45,INR
PAY-00454,PAY-00454,Vendor 04,1621.98,2026-06-01 00:00:00,SET-0010,19.46,INR
PAY-00455,PAY-00455,Vendor 05,1623.35,2026-06-01 08:00:00,SET-0010,19.48,INR
PAY-00456,PAY-00456,Vendor 06,1624.72,2026-06-01 16:00:00,SET-0010,19.5,INR
PAY-00457,PAY-00457,Vendor 07,1626.09,2026-06-02 00:00:00,SET-0010,19.51,INR
PAY-00458,PAY-00458,Vendor 08,1627.46,2026-06-02 08:00:00,SET-0010,19.53,INR
PAY-00459,PAY-00459,Vendor 09,1628.83,2026-06-02 16:00:00,SET-0010,19.55,INR
PAY-00460,PAY-00460,Vendor 10,1630.2,2026-06-03 00:00:00,SET-0010,19.56,INR
PAY-00461,PAY-00461,Vendor 11,1631.57,2026-06-03 08:00:00,SET-0010,19.58,INR
PAY-00462,PAY-00462,Vendor 12,1632.94,2026-06-03 16:00:00,SET-0010,19.6,INR
PAY-00463,PAY-00463,Vendor 13,1634.31,2026-06-04 00:00:00,SET-0010,19.61,INR
PAY-00464,PAY-00464,Vendor 14,1635.68,2026-06-04 08:00:00,SET-0010,19.63,INR
PAY-00465,PAY-00465,Vendor 15,1637.05,2026-06-04 16:00:00,SET-0010,19.64,INR
PAY-00466,PAY-00466,Vendor 16,1638.42,2026-06-05 00:00:00,SET-0010,19.66,INR
PAY-00467,PAY-00467,Vendor 17,1639.79,2026-06-05 08:00:00,SET-0010,19.68,INR
PAY-00468,PAY-00468,Vendor 18,1641.16,2026-06-05 16:00:00,SET-0010,19.69,INR
PAY-00469,PAY-00469,Vendor 19,1642.53,2026-06-06 00:00:00,SET-0010,19.71,INR
PAY-00470,PAY-00470,Vendor 20,1643.9,2026-06-06 08:00:00,SET-0010,19.73,INR
PAY-00471,PAY-00471,Vendor 21,1645.27,2026-06-06 16:00:00,SET-0010,19.74,INR
PAY-00472,PAY-00472,Vendor 22,1646.64,2026-06-07 00:00:00,SET-0010,19.76,INR
PAY-00473,PAY-00473,Vendor 23,1648.01,2026-06-07 08:00:00,SET-0010,19.78,INR
PAY-00474,PAY-00474,Vendor 24,1649.38,2026-06-07 16:00:00,SET-0010,19.79,INR
PAY-00475,PAY-00475,Vendor 25,1650.75,2026-06-08 00:00:00,SET-0010,19.81,INR
PAY-00476,PAY-00476,Vendor 26,1652.12,2026-06-08 08:00:00,SET-0010,19.83,INR
PAY-00477,PAY-00477,Vendor 27,1653.49,2026-06-08 16:00:00,SET-0010,19.84,INR
PAY-00478,PAY-00478,Vendor 28,1654.86,2026-06-09 00:00:00,SET-0010,19.86,INR
PAY-00479,PAY-00479,Vendor 29,1656.23,2026-06-09 08:00:00,SET-0010,19.87,INR
PAY-00480,PAY-00480,Vendor 30,1657.6,2026-06-09 16:00:00,SET-0010,19.89,INR
PAY-00481,PAY-00481,Vendor 31,1658.97,2026-06-10 00:00:00,SET-0010,19.91,INR
PAY-00482,PAY-00482,Vendor 32,1660.34,2026-06-10 08:00:00,SET-0010,19.92,INR
PAY-00483,PAY-00483,Vendor 33,1661.71,2026-06-10 16:00:00,SET-0010,19.94,INR
PAY-00484,PAY-00484,Vendor 34,1663.08,2026-06-11 00:00:00,SET-0010,19.96,INR
PAY-00485,PAY-00485,Vendor 35,1664.45,2026-06-11 08:00:00,SET-0010,19.97,INR
PAY-00486,PAY-00486,Vendor 36,1665.82,2026-06-11 16:00:00,SET-0010,19.99,INR
PAY-00487,PAY-00487,Vendor 37,1667.19,2026-06-12 00:00:00,SET-0010,20.01,INR
PAY-00488,PAY-00488,Vendor 38,1668.56,2026-06-12 08:00:00,SET-0010,20.02,INR
PAY-00489,PAY-00489,Vendor 39,1669.93,2026-06-12 16:00:00,SET-0010,20.04,INR
PAY-00490,PAY-00490,Vendor 40,1671.3,2026-06-13 00:00:00,SET-0010,20.06,INR
PAY-00491,PAY-00491,Vendor 41,1672.67,2026-06-13 08:00:00,SET-0010,20.07,INR
PAY-00492,PAY-00492,Vendor 42,1674.04,2026-06-13 16:00:00,SET-0010,20.09,INR
PAY-00493,PAY-00493,Vendor 43,1675.41,2026-06-14 00:00:00,SET-0010,20.1,INR
PAY-00494,PAY-00494,Vendor 44,1676.78,2026-06-14 08:00:00,SET-0010,20.12,INR
PAY-00495,PAY-00495,Vendor 45,1678.15,2026-06-14 16:00:00,SET-0010,20.14,INR
PAY-00496,PAY-00496,Vendor 46,1679.52,2026-06-15 00:00:00,SET-0010,20.15,INR
PAY-00497,PAY-00497,Vendor 47,1680.89,2026-06-15 08:00:00,SET-0010,20.17,INR
PAY-00498,PAY-00498,Vendor 48,1682.26,2026-06-15 16:00:00,SET-0010,20.19,INR
PAY-00499,PAY-00499,Vendor 49,1683.63,2026-06-16 00:00:00,SET-0010,20.2,INR
PAY-00500,PAY-00500,Vendor 50,1685.0,2026-06-16 08:00:00,SET-0010,20.22,INR
PAY-00501,PAY-00501,Vendor 01,1686.37,2026-06-16 16:00:00,SET-0011,20.24,INR
PAY-00502,PAY-00502,Vendor 02,1687.74,2026-06-17 00:00:00,SET-0011,20.25,INR
PAY-00503,PAY-00503,Vendor 03,1689.11,2026-06-17 08:00:00,SET-0011,20.27,INR
PAY-00504,PAY-00504,Vendor 04,1690.48,2026-06-17 16:00:00,SET-0011,20.29,INR
PAY-00505,PAY-00505,Vendor 05,1691.85,2026-06-18 00:00:00,SET-0011,20.3,INR
PAY-00506,PAY-00506,Vendor 06,1693.22,2026-06-18 08:00:00,SET-0011,20.32,INR
PAY-00507,PAY-00507,Vendor 07,1694.59,2026-06-18 16:00:00,SET-0011,20.34,INR
PAY-00508,PAY-00508,Vendor 08,1695.96,2026-06-19 00:00:00,SET-0011,20.35,INR
PAY-00509,PAY-00509,Vendor 09,1697.33,2026-06-19 08:00:00,SET-0011,20.37,INR
PAY-00510,PAY-00510,Vendor 10,1698.7,2026-06-19 16:00:00,SET-0011,20.38,INR
PAY-00511,PAY-00511,Vendor 11,1700.07,2026-06-20 00:00:00,SET-0011,20.4,INR
PAY-00512,PAY-00512,Vendor 12,1701.44,2026-06-20 08:00:00,SET-0011,20.42,INR
PAY-00513,PAY-00513,Vendor 13,1702.81,2026-06-20 16:00:00,SET-0011,20.43,INR
PAY-00514,PAY-00514,Vendor 14,1704.18,2026-06-21 00:00:00,SET-0011,20.45,INR
PAY-00515,PAY-00515,Vendor 15,1705.55,2026-06-21 08:00:00,SET-0011,20.47,INR
PAY-00516,PAY-00516,Vendor 16,1706.92,2026-06-21 16:00:00,SET-0011,20.48,INR
PAY-00517,PAY-00517,Vendor 17,1708.29,2026-06-22 00:00:00,SET-0011,20.5,INR
PAY-00518,PAY-00518,Vendor 18,1709.66,2026-06-22 08:00:00,SET-0011,20.52,INR
PAY-00519,PAY-00519,Vendor 19,1711.03,2026-06-22 16:00:00,SET-0011,20.53,INR
PAY-00520,PAY-00520,Vendor 20,1712.4,2026-06-23 00:00:00,SET-0011,20.55,INR
PAY-00521,PAY-00521,Vendor 21,1713.77,2026-06-23 08:00:00,SET-0011,20.57,INR
PAY-00522,PAY-00522,Vendor 22,1715.14,2026-06-23 16:00:00,SET-0011,20.58,INR
PAY-00523,PAY-00523,Vendor 23,1716.51,2026-06-24 00:00:00,SET-0011,20.6,INR
PAY-00524,PAY-00524,Vendor 24,1717.88,2026-06-24 08:00:00,SET-0011,20.61,INR
PAY-00525,PAY-00525,Vendor 25,1719.25,2026-06-24 16:00:00,SET-0011,20.63,INR
PAY-00526,PAY-00526,Vendor 26,1720.62,2026-06-25 00:00:00,SET-0011,20.65,INR
PAY-00527,PAY-00527,Vendor 27,1721.99,2026-06-25 08:00:00,SET-0011,20.66,INR
PAY-00528,PAY-00528,Vendor 28,1723.36,2026-06-25 16:00:00,SET-0011,20.68,INR
PAY-00529,PAY-00529,Vendor 29,1724.73,2026-06-26 00:00:00,SET-0011,20.7,INR
PAY-00530,PAY-00530,Vendor 30,1726.1,2026-06-26 08:00:00,SET-0011,20.71,INR
PAY-00531,PAY-00531,Vendor 31,1727.47,2026-06-26 16:00:00,SET-0011,20.73,INR
PAY-00532,PAY-00532,Vendor 32,1728.84,2026-06-27 00:00:00,SET-0011,20.75,INR
PAY-00533,PAY-00533,Vendor 33,1730.21,2026-06-27 08:00:00,SET-0011,20.76,INR
PAY-00534,PAY-00534,Vendor 34,1731.58,2026-06-27 16:00:00,SET-0011,20.78,INR
PAY-00535,PAY-00535,Vendor 35,1732.95,2026-06-28 00:00:00,SET-0011,20.8,INR
PAY-00536,PAY-00536,Vendor 36,1734.32,2026-06-28 08:00:00,SET-0011,20.81,INR
PAY-00537,PAY-00537,Vendor 37,1735.69,2026-06-28 16:00:00,SET-0011,20.83,INR
PAY-00538,PAY-00538,Vendor 38,1737.06,2026-06-29 00:00:00,SET-0011,20.84,INR
PAY-00539,PAY-00539,Vendor 39,1738.43,2026-06-29 08:00:00,SET-0011,20.86,INR
PAY-00540,PAY-00540,Vendor 40,1739.8,2026-06-29 16:00:00,SET-0011,20.88,INR
PAY-00541,PAY-00541,Vendor 41,1741.17,2026-06-30 00:00:00,SET-0011,20.89,INR
PAY-00542,PAY-00542,Vendor 42,1742.54,2026-06-30 08:00:00,SET-0011,20.91,INR
PAY-00543,PAY-00543,Vendor 43,1743.91,2026-06-30 16:00:00,SET-0011,20.93,INR
PAY-00544,PAY-00544,Vendor 44,1745.28,2026-07-01 00:00:00,SET-0011,20.94,INR
PAY-00545,PAY-00545,Vendor 45,1746.65,2026-07-01 08:00:00,SET-0011,20.96,INR
PAY-00546,PAY-00546,Vendor 46,1748.02,2026-07-01 16:00:00,SET-0011,20.98,INR
PAY-00547,PAY-00547,Vendor 47,1749.39,2026-07-02 00:00:00,SET-0011,20.99,INR
PAY-00548,PAY-00548,Vendor 48,1750.76,2026-07-02 08:00:00,SET-0011,21.01,INR
PAY-00549,PAY-00549,Vendor 49,1752.13,2026-07-02 16:00:00,SET-0011,21.03,INR
PAY-00550,PAY-00550,Vendor 50,1753.5,2026-07-03 00:00:00,SET-0011,21.04,INR
PAY-00551,PAY-00551,Vendor 01,1754.87,2026-07-03 08:00:00,SET-0012,21.06,INR
PAY-00552,PAY-00552,Vendor 02,1756.24,2026-07-03 16:00:00,SET-0012,21.07,INR
PAY-00553,PAY-00553,Vendor 03,1757.61,2026-07-04 00:00:00,SET-0012,21.09,INR
PAY-00554,PAY-00554,Vendor 04,1758.98,2026-07-04 08:00:00,SET-0012,21.11,INR
PAY-00555,PAY-00555,Vendor 05,1760.35,2026-07-04 16:00:00,SET-0012,21.12,INR
PAY-00556,PAY-00556,Vendor 06,1761.72,2026-07-05 00:00:00,SET-0012,21.14,INR
PAY-00557,PAY-00557,Vendor 07,1763.09,2026-07-05 08:00:00,SET-0012,21.16,INR
PAY-00558,PAY-00558,Vendor 08,1764.46,2026-07-05 16:00:00,SET-0012,21.17,INR
PAY-00559,PAY-00559,Vendor 09,1765.83,2026-07-06 00:00:00,SET-0012,21.19,INR
PAY-00560,PAY-00560,Vendor 10,1767.2,2026-07-06 08:00:00,SET-0012,21.21,INR
PAY-00561,PAY-00561,Vendor 11,1768.57,2026-07-06 16:00:00,SET-0012,21.22,INR
PAY-00562,PAY-00562,Vendor 12,1769.94,2026-07-07 00:00:00,SET-0012,21.24,INR
PAY-00563,PAY-00563,Vendor 13,1771.31,2026-07-07 08:00:00,SET-0012,21.26,INR
PAY-00564,PAY-00564,Vendor 14,1772.68,2026-07-07 16:00:00,SET-0012,21.27,INR
PAY-00565,PAY-00565,Vendor 15,1774.05,2026-07-08 00:00:00,SET-0012,21.29,INR
PAY-00566,PAY-00566,Vendor 16,1775.42,2026-07-08 08:00:00,SET-0012,21.31,INR
PAY-00567,PAY-00567,Vendor 17,1776.79,2026-07-08 16:00:00,SET-0012,21.32,INR
PAY-00568,PAY-00568,Vendor 18,1778.16,2026-07-09 00:00:00,SET-0012,21.34,INR
PAY-00569,PAY-00569,Vendor 19,1779.53,2026-07-09 08:00:00,SET-0012,21.35,INR
PAY-00570,PAY-00570,Vendor 20,1780.9,2026-07-09 16:00:00,SET-0012,21.37,INR
PAY-00571,PAY-00571,Vendor 21,1782.27,2026-07-10 00:00:00,SET-0012,21.39,INR
PAY-00572,PAY-00572,Vendor 22,1783.64,2026-07-10 08:00:00,SET-0012,21.4,INR
PAY-00573,PAY-00573,Vendor 23,1785.01,2026-07-10 16:00:00,SET-0012,21.42,INR
PAY-00574,PAY-00574,Vendor 24,1786.38,2026-07-11 00:00:00,SET-0012,21.44,INR
PAY-00575,PAY-00575,Vendor 25,1787.75,2026-07-11 08:00:00,SET-0012,21.45,INR
PAY-00576,PAY-00576,Vendor 26,1789.12,2026-07-11 16:00:00,SET-0012,21.47,INR
PAY-00577,PAY-00577,Vendor 27,1790.49,2026-07-12 00:00:00,SET-0012,21.49,INR
PAY-00578,PAY-00578,Vendor 28,1791.86,2026-07-12 08:00:00,SET-0012,21.5,INR
PAY-00579,PAY-00579,Vendor 29,1793.23,2026-07-12 16:00:00,SET-0012,21.52,INR
PAY-00580,PAY-00580,Vendor 30,1794.6,2026-07-13 00:00:00,SET-0012,21.54,INR
PAY-00581,PAY-00581,Vendor 31,1795.97,2026-07-13 08:00:00,SET-0012,21.55,INR
PAY-00582,PAY-00582,Vendor 32,1797.34,2026-07-13 16:00:00,SET-0012,21.57,INR
PAY-00583,PAY-00583,Vendor 33,1798.71,2026-07-14 00:00:00,SET-0012,21.58,INR
PAY-00584,PAY-00584,Vendor 34,1800.08,2026-07-14 08:00:00,SET-0012,21.6,INR
PAY-00585,PAY-00585,Vendor 35,1801.45,2026-07-14 16:00:00,SET-0012,21.62,INR
PAY-00586,PAY-00586,Vendor 36,1802.82,2026-07-15 00:00:00,SET-0012,21.63,INR
PAY-00587,PAY-00587,Vendor 37,1804.19,2026-07-15 08:00:00,SET-0012,21.65,INR
PAY-00588,PAY-00588,Vendor 38,1805.56,2026-07-15 16:00:00,SET-0012,21.67,INR
PAY-00589,PAY-00589,Vendor 39,1806.93,2026-07-16 00:00:00,SET-0012,21.68,INR
PAY-00590,PAY-00590,Vendor 40,1808.3,2026-07-16 08:00:00,SET-0012,21.7,INR
PAY-00591,PAY-00591,Vendor 41,1809.67,2026-07-16 16:00:00,SET-0012,21.72,INR
PAY-00592,PAY-00592,Vendor 42,1811.04,2026-07-17 00:00:00,SET-0012,21.73,INR
PAY-00593,PAY-00593,Vendor 43,1812.41,2026-07-17 08:00:00,SET-0012,21.75,INR
PAY-00594,PAY-00594,Vendor 44,1813.78,2026-07-17 16:00:00,SET-0012,21.77,INR
PAY-00595,PAY-00595,Vendor 45,1815.15,2026-07-18 00:00:00,SET-0012,21.78,INR
PAY-00596,PAY-00596,Vendor 46,1816.52,2026-07-18 08:00:00,SET-0012,21.8,INR
PAY-00597,PAY-00597,Vendor 47,1817.89,2026-07-18 16:00:00,SET-0012,21.81,INR
PAY-00598,PAY-00598,Vendor 48,1819.26,2026-07-19 00:00:00,SET-0012,21.83,INR
PAY-00599,PAY-00599,Vendor 49,1820.63,2026-07-19 08:00:00,SET-0012,21.85,INR
PAY-00600,PAY-00600,Vendor 50,1822.0,2026-07-19 16:00:00,SET-0012,21.86,INR
PAY-00601,PAY-00601,Vendor 01,1823.37,2026-07-20 00:00:00,SET-0013,21.88,INR
PAY-00602,PAY-00602,Vendor 02,1824.74,2026-07-20 08:00:00,SET-0013,21.9,INR
PAY-00603,PAY-00603,Vendor 03,1826.11,2026-07-20 16:00:00,SET-0013,21.91,INR
PAY-00604,PAY-00604,Vendor 04,1827.48,2026-07-21 00:00:00,SET-0013,21.93,INR
PAY-00605,PAY-00605,Vendor 05,1828.85,2026-07-21 08:00:00,SET-0013,21.95,INR
PAY-00606,PAY-00606,Vendor 06,1830.22,2026-07-21 16:00:00,SET-0013,21.96,INR
PAY-00607,PAY-00607,Vendor 07,1831.59,2026-07-22 00:00:00,SET-0013,21.98,INR
PAY-00608,PAY-00608,Vendor 08,1832.96,2026-07-22 08:00:00,SET-0013,22.0,INR
PAY-00609,PAY-00609,Vendor 09,1834.33,2026-07-22 16:00:00,SET-0013,22.01,INR
PAY-00610,PAY-00610,Vendor 10,1835.7,2026-07-23 00:00:00,SET-0013,22.03,INR
PAY-00611,PAY-00611,Vendor 11,1837.07,2026-07-23 08:00:00,SET-0013,22.04,INR
PAY-00612,PAY-00612,Vendor 12,1838.44,2026-07-23 16:00:00,SET-0013,22.06,INR
PAY-00613,PAY-00613,Vendor 13,1839.81,2026-07-24 00:00:00,SET-0013,22.08,INR
PAY-00614,PAY-00614,Vendor 14,1841.18,2026-07-24 08:00:00,SET-0013,22.09,INR
PAY-00615,PAY-00615,Vendor 15,1842.55,2026-07-24 16:00:00,SET-0013,22.11,INR
PAY-00616,PAY-00616,Vendor 16,1843.92,2026-07-25 00:00:00,SET-0013,22.13,INR
PAY-00617,PAY-00617,Vendor 17,1845.29,2026-07-25 08:00:00,SET-0013,22.14,INR
PAY-00618,PAY-00618,Vendor 18,1846.66,2026-07-25 16:00:00,SET-0013,22.16,INR
PAY-00619,PAY-00619,Vendor 19,1848.03,2026-07-26 00:00:00,SET-0013,22.18,INR
PAY-00620,PAY-00620,Vendor 20,1849.4,2026-07-26 08:00:00,SET-0013,22.19,INR
PAY-00621,PAY-00621,Vendor 21,1850.77,2026-07-26 16:00:00,SET-0013,22.21,INR
PAY-00622,PAY-00622,Vendor 22,1852.14,2026-07-27 00:00:00,SET-0013,22.23,INR
PAY-00623,PAY-00623,Vendor 23,1853.51,2026-07-27 08:00:00,SET-0013,22.24,INR
PAY-00624,PAY-00624,Vendor 24,1854.88,2026-07-27 16:00:00,SET-0013,22.26,INR
PAY-00625,PAY-00625,Vendor 25,1856.25,2026-07-28 00:00:00,SET-0013,22.28,INR
PAY-00626,PAY-00626,Vendor 26,1857.62,2026-07-28 08:00:00,SET-0013,22.29,INR
PAY-00627,PAY-00627,Vendor 27,1858.99,2026-07-28 16:00:00,SET-0013,22.31,INR
PAY-00628,PAY-00628,Vendor 28,1860.36,2026-07-29 00:00:00,SET-0013,22.32,INR
PAY-00629,PAY-00629,Vendor 29,1861.73,2026-07-29 08:00:00,SET-0013,22.34,INR
PAY-00630,PAY-00630,Vendor 30,1863.1,2026-07-29 16:00:00,SET-0013,22.36,INR
PAY-00631,PAY-00631,Vendor 31,1864.47,2026-07-30 00:00:00,SET-0013,22.37,INR
PAY-00632,PAY-00632,Vendor 32,1865.84,2026-07-30 08:00:00,SET-0013,22.39,INR
PAY-00633,PAY-00633,Vendor 33,1867.21,2026-07-30 16:00:00,SET-0013,22.41,INR
PAY-00634,PAY-00634,Vendor 34,1868.58,2026-07-31 00:00:00,SET-0013,22.42,INR
PAY-00635,PAY-00635,Vendor 35,1869.95,2026-07-31 08:00:00,SET-0013,22.44,INR
PAY-00636,PAY-00636,Vendor 36,1871.32,2026-07-31 16:00:00,SET-0013,22.46,INR
PAY-00637,PAY-00637,Vendor 37,1872.69,2026-08-01 00:00:00,SET-0013,22.47,INR
PAY-00638,PAY-00638,Vendor 38,1874.06,2026-08-01 08:00:00,SET-0013,22.49,INR
PAY-00639,PAY-00639,Vendor 39,1875.43,2026-08-01 16:00:00,SET-0013,22.51,INR
PAY-00640,PAY-00640,Vendor 40,1876.8,2026-08-02 00:00:00,SET-0013,22.52,INR
PAY-00641,PAY-00641,Vendor 41,1878.17,2026-08-02 08:00:00,SET-0013,22.54,INR
PAY-00642,PAY-00642,Vendor 42,1879.54,2026-08-02 16:00:00,SET-0013,22.55,INR
PAY-00643,PAY-00643,Vendor 43,1880.91,2026-08-03 00:00:00,SET-0013,22.57,INR
PAY-00644,PAY-00644,Vendor 44,1882.28,2026-08-03 08:00:00,SET-0013,22.59,INR
PAY-00645,PAY-00645,Vendor 45,1883.65,2026-08-03 16:00:00,SET-0013,22.6,INR
PAY-00646,PAY-00646,Vendor 46,1885.02,2026-08-04 00:00:00,SET-0013,22.62,INR
PAY-00647,PAY-00647,Vendor 47,1886.39,2026-08-04 08:00:00,SET-0013,22.64,INR
PAY-00648,PAY-00648,Vendor 48,1887.76,2026-08-04 16:00:00,SET-0013,22.65,INR
PAY-00649,PAY-00649,Vendor 49,1889.13,2026-08-05 00:00:00,SET-0013,22.67,INR
PAY-00650,PAY-00650,Vendor 50,1890.5,2026-08-05 08:00:00,SET-0013,22.69,INR
PAY-00651,PAY-00651,Vendor 01,1891.87,2026-08-05 16:00:00,SET-0014,22.7,INR
PAY-00652,PAY-00652,Vendor 02,1893.24,2026-08-06 00:00:00,SET-0014,22.72,INR
PAY-00653,PAY-00653,Vendor 03,1894.61,2026-08-06 08:00:00,SET-0014,22.74,INR
PAY-00654,PAY-00654,Vendor 04,1895.98,2026-08-06 16:00:00,SET-0014,22.75,INR
PAY-00655,PAY-00655,Vendor 05,1897.35,2026-08-07 00:00:00,SET-0014,22.77,INR
PAY-00656,PAY-00656,Vendor 06,1898.72,2026-08-07 08:00:00,SET-0014,22.78,INR
PAY-00657,PAY-00657,Vendor 07,1900.09,2026-08-07 16:00:00,SET-0014,22.8,INR
PAY-00658,PAY-00658,Vendor 08,1901.46,2026-08-08 00:00:00,SET-0014,22.82,INR
PAY-00659,PAY-00659,Vendor 09,1902.83,2026-08-08 08:00:00,SET-0014,22.83,INR
PAY-00660,PAY-00660,Vendor 10,1904.2,2026-08-08 16:00:00,SET-0014,22.85,INR
PAY-00661,PAY-00661,Vendor 11,1905.57,2026-08-09 00:00:00,SET-0014,22.87,INR
PAY-00662,PAY-00662,Vendor 12,1906.94,2026-08-09 08:00:00,SET-0014,22.88,INR
PAY-00663,PAY-00663,Vendor 13,1908.31,2026-08-09 16:00:00,SET-0014,22.9,INR
PAY-00664,PAY-00664,Vendor 14,1909.68,2026-08-10 00:00:00,SET-0014,22.92,INR
PAY-00665,PAY-00665,Vendor 15,1911.05,2026-08-10 08:00:00,SET-0014,22.93,INR
PAY-00666,PAY-00666,Vendor 16,1912.42,2026-08-10 16:00:00,SET-0014,22.95,INR
PAY-00667,PAY-00667,Vendor 17,1913.79,2026-08-11 00:00:00,SET-0014,22.97,INR
PAY-00668,PAY-00668,Vendor 18,1915.16,2026-08-11 08:00:00,SET-0014,22.98,INR
PAY-00669,PAY-00669,Vendor 19,1916.53,2026-08-11 16:00:00,SET-0014,23.0,INR
PAY-00670,PAY-00670,Vendor 20,1917.9,2026-08-12 00:00:00,SET-0014,23.01,INR
PAY-00671,PAY-00671,Vendor 21,1919.27,2026-08-12 08:00:00,SET-0014,23.03,INR
PAY-00672,PAY-00672,Vendor 22,1920.64,2026-08-12 16:00:00,SET-0014,23.05,INR
PAY-00673,PAY-00673,Vendor 23,1922.01,2026-08-13 00:00:00,SET-0014,23.06,INR
PAY-00674,PAY-00674,Vendor 24,1923.38,2026-08-13 08:00:00,SET-0014,23.08,INR
PAY-00675,PAY-00675,Vendor 25,1924.75,2026-08-13 16:00:00,SET-0014,23.1,INR
PAY-00676,PAY-00676,Vendor 26,1926.12,2026-08-14 00:00:00,SET-0014,23.11,INR
PAY-00677,PAY-00677,Vendor 27,1927.49,2026-08-14 08:00:00,SET-0014,23.13,INR
PAY-00678,PAY-00678,Vendor 28,1928.86,2026-08-14 16:00:00,SET-0014,23.15,INR
PAY-00679,PAY-00679,Vendor 29,1930.23,2026-08-15 00:00:00,SET-0014,23.16,INR
PAY-00680,PAY-00680,Vendor 30,1931.6,2026-08-15 08:00:00,SET-0014,23.18,INR
PAY-00681,PAY-00681,Vendor 31,1932.97,2026-08-15 16:00:00,SET-0014,23.2,INR
PAY-00682,PAY-00682,Vendor 32,1934.34,2026-08-16 00:00:00,SET-0014,23.21,INR
PAY-00683,PAY-00683,Vendor 33,1935.71,2026-08-16 08:00:00,SET-0014,23.23,INR
PAY-00684,PAY-00684,Vendor 34,1937.08,2026-08-16 16:00:00,SET-0014,23.24,INR
PAY-00685,PAY-00685,Vendor 35,1938.45,2026-08-17 00:00:00,SET-0014,23.26,INR
PAY-00686,PAY-00686,Vendor 36,1939.82,2026-08-17 08:00:00,SET-0014,23.28,INR
PAY-00687,PAY-00687,Vendor 37,1941.19,2026-08-17 16:00:00,SET-0014,23.29,INR
PAY-00688,PAY-00688,Vendor 38,1942.56,2026-08-18 00:00:00,SET-0014,23.31,INR
PAY-00689,PAY-00689,Vendor 39,1943.93,2026-08-18 08:00:00,SET-0014,23.33,INR
PAY-00690,PAY-00690,Vendor 40,1945.3,2026-08-18 16:00:00,SET-0014,23.34,INR
PAY-00691,PAY-00691,Vendor 41,1946.67,2026-08-19 00:00:00,SET-0014,23.36,INR
PAY-00692,PAY-00692,Vendor 42,1948.04,2026-08-19 08:00:00,SET-0014,23.38,INR
PAY-00693,PAY-00693,Vendor 43,1949.41,2026-08-19 16:00:00,SET-0014,23.39,INR
PAY-00694,PAY-00694,Vendor 44,1950.78,2026-08-20 00:00:00,SET-0014,23.41,INR
PAY-00695,PAY-00695,Vendor 45,1952.15,2026-08-20 08:00:00,SET-0014,23.43,INR
PAY-00696,PAY-00696,Vendor 46,1953.52,2026-08-20 16:00:00,SET-0014,23.44,INR
PAY-00697,PAY-00697,Vendor 47,1954.89,2026-08-21 00:00:00,SET-0014,23.46,INR
PAY-00698,PAY-00698,Vendor 48,1956.26,2026-08-21 08:00:00,SET-0014,23.48,INR
PAY-00699,PAY-00699,Vendor 49,1957.63,2026-08-21 16:00:00,SET-0014,23.49,INR
PAY-00700,PAY-00700,Vendor 50,1959.0,2026-08-22 00:00:00,SET-0014,23.51,INR
PAY-00701,PAY-00701,Vendor 01,1960.37,2026-08-22 08:00:00,SET-0015,23.52,INR
PAY-00702,PAY-00702,Vendor 02,1961.74,2026-08-22 16:00:00,SET-0015,23.54,INR
PAY-00703,PAY-00703,Vendor 03,1963.11,2026-08-23 00:00:00,SET-0015,23.56,INR
PAY-00704,PAY-00704,Vendor 04,1964.48,2026-08-23 08:00:00,SET-0015,23.57,INR
PAY-00705,PAY-00705,Vendor 05,1965.85,2026-08-23 16:00:00,SET-0015,23.59,INR
PAY-00706,PAY-00706,Vendor 06,1967.22,2026-08-24 00:00:00,SET-0015,23.61,INR
PAY-00707,PAY-00707,Vendor 07,1968.59,2026-08-24 08:00:00,SET-0015,23.62,INR
PAY-00708,PAY-00708,Vendor 08,1969.96,2026-08-24 16:00:00,SET-0015,23.64,INR
PAY-00709,PAY-00709,Vendor 09,1971.33,2026-08-25 00:00:00,SET-0015,23.66,INR
PAY-00710,PAY-00710,Vendor 10,1972.7,2026-08-25 08:00:00,SET-0015,23.67,INR
PAY-00711,PAY-00711,Vendor 11,1974.07,2026-08-25 16:00:00,SET-0015,23.69,INR
PAY-00712,PAY-00712,Vendor 12,1975.44,2026-08-26 00:00:00,SET-0015,23.71,INR
PAY-00713,PAY-00713,Vendor 13,1976.81,2026-08-26 08:00:00,SET-0015,23.72,INR
PAY-00714,PAY-00714,Vendor 14,1978.18,2026-08-26 16:00:00,SET-0015,23.74,INR
PAY-00715,PAY-00715,Vendor 15,1979.55,2026-08-27 00:00:00,SET-0015,23.75,INR
PAY-00716,PAY-00716,Vendor 16,1980.92,2026-08-27 08:00:00,SET-0015,23.77,INR
PAY-00717,PAY-00717,Vendor 17,1982.29,2026-08-27 16:00:00,SET-0015,23.79,INR
PAY-00718,PAY-00718,Vendor 18,1983.66,2026-08-28 00:00:00,SET-0015,23.8,INR
PAY-00719,PAY-00719,Vendor 19,1985.03,2026-08-28 08:00:00,SET-0015,23.82,INR
PAY-00720,PAY-00720,Vendor 20,1986.4,2026-08-28 16:00:00,SET-0015,23.84,INR
PAY-00721,PAY-00721,Vendor 21,1987.77,2026-08-29 00:00:00,SET-0015,23.85,INR
PAY-00722,PAY-00722,Vendor 22,1989.14,2026-08-29 08:00:00,SET-0015,23.87,INR
PAY-00723,PAY-00723,Vendor 23,1990.51,2026-08-29 16:00:00,SET-0015,23.89,INR
PAY-00724,PAY-00724,Vendor 24,1991.88,2026-08-30 00:00:00,SET-0015,23.9,INR
PAY-00725,PAY-00725,Vendor 25,1993.25,2026-08-30 08:00:00,SET-0015,23.92,INR
PAY-00726,PAY-00726,Vendor 26,1994.62,2026-08-30 16:00:00,SET-0015,23.94,INR
PAY-00727,PAY-00727,Vendor 27,1995.99,2026-08-31 00:00:00,SET-0015,23.95,INR
PAY-00728,PAY-00728,Vendor 28,1997.36,2026-08-31 08:00:00,SET-0015,23.97,INR
PAY-00729,PAY-00729,Vendor 29,1998.73,2026-08-31 16:00:00,SET-0015,23.98,INR
PAY-00730,PAY-00730,Vendor 30,2000.1,2026-09-01 00:00:00,SET-0015,24.0,INR
PAY-00731,PAY-00731,Vendor 31,2001.47,2026-09-01 08:00:00,SET-0015,24.02,INR
PAY-00732,PAY-00732,Vendor 32,2002.84,2026-09-01 16:00:00,SET-0015,24.03,INR
PAY-00733,PAY-00733,Vendor 33,2004.21,2026-09-02 00:00:00,SET-0015,24.05,INR
PAY-00734,PAY-00734,Vendor 34,2005.58,2026-09-02 08:00:00,SET-0015,24.07,INR
PAY-00735,PAY-00735,Vendor 35,2006.95,2026-09-02 16:00:00,SET-0015,24.08,INR
PAY-00736,PAY-00736,Vendor 36,2008.32,2026-09-03 00:00:00,SET-0015,24.1,INR
PAY-00737,PAY-00737,Vendor 37,2009.69,2026-09-03 08:00:00,SET-0015,24.12,INR
PAY-00738,PAY-00738,Vendor 38,2011.06,2026-09-03 16:00:00,SET-0015,24.13,INR
PAY-00739,PAY-00739,Vendor 39,2012.43,2026-09-04 00:00:00,SET-0015,24.15,INR
PAY-00740,PAY-00740,Vendor 40,2013.8,2026-09-04 08:00:00,SET-0015,24.17,INR
PAY-00741,PAY-00741,Vendor 41,2015.17,2026-09-04 16:00:00,SET-0015,24.18,INR
PAY-00742,PAY-00742,Vendor 42,2016.54,2026-09-05 00:00:00,SET-0015,24.2,INR
PAY-00743,PAY-00743,Vendor 43,2017.91,2026-09-05 08:00:00,SET-0015,24.21,INR
PAY-00744,PAY-00744,Vendor 44,2019.28,2026-09-05 16:00:00,SET-0015,24.23,INR
PAY-00745,PAY-00745,Vendor 45,2020.65,2026-09-06 00:00:00,SET-0015,24.25,INR
PAY-00746,PAY-00746,Vendor 46,2022.02,2026-09-06 08:00:00,SET-0015,24.26,INR
PAY-00747,PAY-00747,Vendor 47,2023.39,2026-09-06 16:00:00,SET-0015,24.28,INR
PAY-00748,PAY-00748,Vendor 48,2024.76,2026-09-07 00:00:00,SET-0015,24.3,INR
PAY-00749,PAY-00749,Vendor 49,2026.13,2026-09-07 08:00:00,SET-0015,24.31,INR
PAY-00750,PAY-00750,Vendor 50,2027.5,2026-09-07 16:00:00,SET-0015,24.33,INR
PAY-00751,PAY-00751,Vendor 01,2028.87,2026-09-08 00:00:00,SET-0016,24.35,INR
PAY-00752,PAY-00752,Vendor 02,2030.24,2026-09-08 08:00:00,SET-0016,24.36,INR
PAY-00753,PAY-00753,Vendor 03,2031.61,2026-09-08 16:00:00,SET-0016,24.38,INR
PAY-00754,PAY-00754,Vendor 04,2032.98,2026-09-09 00:00:00,SET-0016,24.4,INR
PAY-00755,PAY-00755,Vendor 05,2034.35,2026-09-09 08:00:00,SET-0016,24.41,INR
PAY-00756,PAY-00756,Vendor 06,2035.72,2026-09-09 16:00:00,SET-0016,24.43,INR
PAY-00757,PAY-00757,Vendor 07,2037.09,2026-09-10 00:00:00,SET-0016,24.45,INR
PAY-00758,PAY-00758,Vendor 08,2038.46,2026-09-10 08:00:00,SET-0016,24.46,INR
PAY-00759,PAY-00759,Vendor 09,2039.83,2026-09-10 16:00:00,SET-0016,24.48,INR
PAY-00760,PAY-00760,Vendor 10,2041.2,2026-09-11 00:00:00,SET-0016,24.49,INR
PAY-00761,PAY-00761,Vendor 11,2042.57,2026-09-11 08:00:00,SET-0016,24.51,INR
PAY-00762,PAY-00762,Vendor 12,2043.94,2026-09-11 16:00:00,SET-0016,24.53,INR
PAY-00763,PAY-00763,Vendor 13,2045.31,2026-09-12 00:00:00,SET-0016,24.54,INR
PAY-00764,PAY-00764,Vendor 14,2046.68,2026-09-12 08:00:00,SET-0016,24.56,INR
PAY-00765,PAY-00765,Vendor 15,2048.05,2026-09-12 16:00:00,SET-0016,24.58,INR
PAY-00766,PAY-00766,Vendor 16,2049.42,2026-09-13 00:00:00,SET-0016,24.59,INR
PAY-00767,PAY-00767,Vendor 17,2050.79,2026-09-13 08:00:00,SET-0016,24.61,INR
PAY-00768,PAY-00768,Vendor 18,2052.16,2026-09-13 16:00:00,SET-0016,24.63,INR
PAY-00769,PAY-00769,Vendor 19,2053.53,2026-09-14 00:00:00,SET-0016,24.64,INR
PAY-00770,PAY-00770,Vendor 20,2054.9,2026-09-14 08:00:00,SET-0016,24.66,INR
PAY-00771,PAY-00771,Vendor 21,2056.27,2026-09-14 16:00:00,SET-0016,24.68,INR
PAY-00772,PAY-00772,Vendor 22,2057.64,2026-09-15 00:00:00,SET-0016,24.69,INR
PAY-00773,PAY-00773,Vendor 23,2059.01,2026-09-15 08:00:00,SET-0016,24.71,INR
PAY-00774,PAY-00774,Vendor 24,2060.38,2026-09-15 16:00:00,SET-0016,24.72,INR
PAY-00775,PAY-00775,Vendor 25,2061.75,2026-09-16 00:00:00,SET-0016,24.74,INR
PAY-00776,PAY-00776,Vendor 26,2063.12,2026-09-16 08:00:00,SET-0016,24.76,INR
PAY-00777,PAY-00777,Vendor 27,2064.49,2026-09-16 16:00:00,SET-0016,24.77,INR
PAY-00778,PAY-00778,Vendor 28,2065.86,2026-09-17 00:00:00,SET-0016,24.79,INR
PAY-00779,PAY-00779,Vendor 29,2067.23,2026-09-17 08:00:00,SET-0016,24.81,INR
PAY-00780,PAY-00780,Vendor 30,2068.6,2026-09-17 16:00:00,SET-0016,24.82,INR
PAY-00781,PAY-00781,Vendor 31,2069.97,2026-09-18 00:00:00,SET-0016,24.84,INR
PAY-00782,PAY-00782,Vendor 32,2071.34,2026-09-18 08:00:00,SET-0016,24.86,INR
PAY-00783,PAY-00783,Vendor 33,2072.71,2026-09-18 16:00:00,SET-0016,24.87,INR
PAY-00784,PAY-00784,Vendor 34,2074.08,2026-09-19 00:00:00,SET-0016,24.89,INR
PAY-00785,PAY-00785,Vendor 35,2075.45,2026-09-19 08:00:00,SET-0016,24.91,INR
PAY-00786,PAY-00786,Vendor 36,2076.82,2026-09-19 16:00:00,SET-0016,24.92,INR
PAY-00787,PAY-00787,Vendor 37,2078.19,2026-09-20 00:00:00,SET-0016,24.94,INR
PAY-00788,PAY-00788,Vendor 38,2079.56,2026-09-20 08:00:00,SET-0016,24.95,INR
PAY-00789,PAY-00789,Vendor 39,2080.93,2026-09-20 16:00:00,SET-0016,24.97,INR
PAY-00790,PAY-00790,Vendor 40,2082.3,2026-09-21 00:00:00,SET-0016,24.99,INR
PAY-00791,PAY-00791,Vendor 41,2083.67,2026-09-21 08:00:00,SET-0016,25.0,INR
PAY-00792,PAY-00792,Vendor 42,2085.04,2026-09-21 16:00:00,SET-0016,25.02,INR
PAY-00793,PAY-00793,Vendor 43,2086.41,2026-09-22 00:00:00,SET-0016,25.04,INR
PAY-00794,PAY-00794,Vendor 44,2087.78,2026-09-22 08:00:00,SET-0016,25.05,INR
PAY-00795,PAY-00795,Vendor 45,2089.15,2026-09-22 16:00:00,SET-0016,25.07,INR
PAY-00796,PAY-00796,Vendor 46,2090.52,2026-09-23 00:00:00,SET-0016,25.09,INR
PAY-00797,PAY-00797,Vendor 47,2091.89,2026-09-23 08:00:00,SET-0016,25.1,INR
PAY-00798,PAY-00798,Vendor 48,2093.26,2026-09-23 16:00:00,SET-0016,25.12,INR
PAY-00799,PAY-00799,Vendor 49,2094.63,2026-09-24 00:00:00,SET-0016,25.14,INR
PAY-00800,PAY-00800,Vendor 50,2096.0,2026-09-24 08:00:00,SET-0016,25.15,INR
PAY-00801,PAY-00801,Vendor 01,2097.37,2026-09-24 16:00:00,SET-0017,25.17,INR
PAY-00802,PAY-00802,Vendor 02,2098.74,2026-09-25 00:00:00,SET-0017,25.18,INR
PAY-00803,PAY-00803,Vendor 03,2100.11,2026-09-25 08:00:00,SET-0017,25.2,INR
PAY-00804,PAY-00804,Vendor 04,2101.48,2026-09-25 16:00:00,SET-0017,25.22,INR
PAY-00805,PAY-00805,Vendor 05,2102.85,2026-09-26 00:00:00,SET-0017,25.23,INR
PAY-00806,PAY-00806,Vendor 06,2104.22,2026-09-26 08:00:00,SET-0017,25.25,INR
PAY-00807,PAY-00807,Vendor 07,2105.59,2026-09-26 16:00:00,SET-0017,25.27,INR
PAY-00808,PAY-00808,Vendor 08,2106.96,2026-09-27 00:00:00,SET-0017,25.28,INR
PAY-00809,PAY-00809,Vendor 09,2108.33,2026-09-27 08:00:00,SET-0017,25.3,INR
PAY-00810,PAY-00810,Vendor 10,2109.7,2026-09-27 16:00:00,SET-0017,25.32,INR
PAY-00811,PAY-00811,Vendor 11,2111.07,2026-09-28 00:00:00,SET-0017,25.33,INR
PAY-00812,PAY-00812,Vendor 12,2112.44,2026-09-28 08:00:00,SET-0017,25.35,INR
PAY-00813,PAY-00813,Vendor 13,2113.81,2026-09-28 16:00:00,SET-0017,25.37,INR
PAY-00814,PAY-00814,Vendor 14,2115.18,2026-09-29 00:00:00,SET-0017,25.38,INR
PAY-00815,PAY-00815,Vendor 15,2116.55,2026-09-29 08:00:00,SET-0017,25.4,INR
PAY-00816,PAY-00816,Vendor 16,2117.92,2026-09-29 16:00:00,SET-0017,25.42,INR
PAY-00817,PAY-00817,Vendor 17,2119.29,2026-09-30 00:00:00,SET-0017,25.43,INR
PAY-00818,PAY-00818,Vendor 18,2120.66,2026-09-30 08:00:00,SET-0017,25.45,INR
PAY-00819,PAY-00819,Vendor 19,2122.03,2026-09-30 16:00:00,SET-0017,25.46,INR
PAY-00820,PAY-00820,Vendor 20,2123.4,2026-10-01 00:00:00,SET-0017,25.48,INR
PAY-00821,PAY-00821,Vendor 21,2124.77,2026-10-01 08:00:00,SET-0017,25.5,INR
PAY-00822,PAY-00822,Vendor 22,2126.14,2026-10-01 16:00:00,SET-0017,25.51,INR
PAY-00823,PAY-00823,Vendor 23,2127.51,2026-10-02 00:00:00,SET-0017,25.53,INR
PAY-00824,PAY-00824,Vendor 24,2128.88,2026-10-02 08:00:00,SET-0017,25.55,INR
PAY-00825,PAY-00825,Vendor 25,2130.25,2026-10-02 16:00:00,SET-0017,25.56,INR
PAY-00826,PAY-00826,Vendor 26,2131.62,2026-10-03 00:00:00,SET-0017,25.58,INR
PAY-00827,PAY-00827,Vendor 27,2132.99,2026-10-03 08:00:00,SET-0017,25.6,INR
PAY-00828,PAY-00828,Vendor 28,2134.36,2026-10-03 16:00:00,SET-0017,25.61,INR
PAY-00829,PAY-00829,Vendor 29,2135.73,2026-10-04 00:00:00,SET-0017,25.63,INR
PAY-00830,PAY-00830,Vendor 30,2137.1,2026-10-04 08:00:00,SET-0017,25.65,INR
PAY-00831,PAY-00831,Vendor 31,2138.47,2026-10-04 16:00:00,SET-0017,25.66,INR
PAY-00832,PAY-00832,Vendor 32,2139.84,2026-10-05 00:00:00,SET-0017,25.68,INR
PAY-00833,PAY-00833,Vendor 33,2141.21,2026-10-05 08:00:00,SET-0017,25.69,INR
PAY-00834,PAY-00834,Vendor 34,2142.58,2026-10-05 16:00:00,SET-0017,25.71,INR
PAY-00835,PAY-00835,Vendor 35,2143.95,2026-10-06 00:00:00,SET-0017,25.73,INR
PAY-00836,PAY-00836,Vendor 36,2145.32,2026-10-06 08:00:00,SET-0017,25.74,INR
PAY-00837,PAY-00837,Vendor 37,2146.69,2026-10-06 16:00:00,SET-0017,25.76,INR
PAY-00838,PAY-00838,Vendor 38,2148.06,2026-10-07 00:00:00,SET-0017,25.78,INR
PAY-00839,PAY-00839,Vendor 39,2149.43,2026-10-07 08:00:00,SET-0017,25.79,INR
PAY-00840,PAY-00840,Vendor 40,2150.8,2026-10-07 16:00:00,SET-0017,25.81,INR
PAY-00841,PAY-00841,Vendor 41,2152.17,2026-10-08 00:00:00,SET-0017,25.83,INR
PAY-00842,PAY-00842,Vendor 42,2153.54,2026-10-08 08:00:00,SET-0017,25.84,INR
PAY-00843,PAY-00843,Vendor 43,2154.91,2026-10-08 16:00:00,SET-0017,25.86,INR
PAY-00844,PAY-00844,Vendor 44,2156.28,2026-10-09 00:00:00,SET-0017,25.88,INR
PAY-00845,PAY-00845,Vendor 45,2157.65,2026-10-09 08:00:00,SET-0017,25.89,INR
PAY-00846,PAY-00846,Vendor 46,2159.02,2026-10-09 16:00:00,SET-0017,25.91,INR
PAY-00847,PAY-00847,Vendor 47,2160.39,2026-10-10 00:00:00,SET-0017,25.92,INR
PAY-00848,PAY-00848,Vendor 48,2161.76,2026-10-10 08:00:00,SET-0017,25.94,INR
PAY-00849,PAY-00849,Vendor 49,2163.13,2026-10-10 16:00:00,SET-0017,25.96,INR
PAY-00850,PAY-00850,Vendor 50,2164.5,2026-10-11 00:00:00,SET-0017,25.97,INR
PAY-00851,PAY-00851,Vendor 01,2165.87,2026-10-11 08:00:00,SET-0018,25.99,INR
PAY-00852,PAY-00852,Vendor 02,2167.24,2026-10-11 16:00:00,SET-0018,26.01,INR
PAY-00853,PAY-00853,Vendor 03,2168.61,2026-10-12 00:00:00,SET-0018,26.02,INR
PAY-00854,PAY-00854,Vendor 04,2169.98,2026-10-12 08:00:00,SET-0018,26.04,INR
PAY-00855,PAY-00855,Vendor 05,2171.35,2026-10-12 16:00:00,SET-0018,26.06,INR
PAY-00856,PAY-00856,Vendor 06,2172.72,2026-10-13 00:00:00,SET-0018,26.07,INR
PAY-00857,PAY-00857,Vendor 07,2174.09,2026-10-13 08:00:00,SET-0018,26.09,INR
PAY-00858,PAY-00858,Vendor 08,2175.46,2026-10-13 16:00:00,SET-0018,26.11,INR
PAY-00859,PAY-00859,Vendor 09,2176.83,2026-10-14 00:00:00,SET-0018,26.12,INR
PAY-00860,PAY-00860,Vendor 10,2178.2,2026-10-14 08:00:00,SET-0018,26.14,INR
PAY-00861,PAY-00861,Vendor 11,2179.57,2026-10-14 16:00:00,SET-0018,26.15,INR
PAY-00862,PAY-00862,Vendor 12,2180.94,2026-10-15 00:00:00,SET-0018,26.17,INR
PAY-00863,PAY-00863,Vendor 13,2182.31,2026-10-15 08:00:00,SET-0018,26.19,INR
PAY-00864,PAY-00864,Vendor 14,2183.68,2026-10-15 16:00:00,SET-0018,26.2,INR
PAY-00865,PAY-00865,Vendor 15,2185.05,2026-10-16 00:00:00,SET-0018,26.22,INR
PAY-00866,PAY-00866,Vendor 16,2186.42,2026-10-16 08:00:00,SET-0018,26.24,INR
PAY-00867,PAY-00867,Vendor 17,2187.79,2026-10-16 16:00:00,SET-0018,26.25,INR
PAY-00868,PAY-00868,Vendor 18,2189.16,2026-10-17 00:00:00,SET-0018,26.27,INR
PAY-00869,PAY-00869,Vendor 19,2190.53,2026-10-17 08:00:00,SET-0018,26.29,INR
PAY-00870,PAY-00870,Vendor 20,2191.9,2026-10-17 16:00:00,SET-0018,26.3,INR
PAY-00871,PAY-00871,Vendor 21,2193.27,2026-10-18 00:00:00,SET-0018,26.32,INR
PAY-00872,PAY-00872,Vendor 22,2194.64,2026-10-18 08:00:00,SET-0018,26.34,INR
PAY-00873,PAY-00873,Vendor 23,2196.01,2026-10-18 16:00:00,SET-0018,26.35,INR
PAY-00874,PAY-00874,Vendor 24,2197.38,2026-10-19 00:00:00,SET-0018,26.37,INR
PAY-00875,PAY-00875,Vendor 25,2198.75,2026-10-19 08:00:00,SET-0018,26.39,INR
PAY-00876,PAY-00876,Vendor 26,2200.12,2026-10-19 16:00:00,SET-0018,26.4,INR
PAY-00877,PAY-00877,Vendor 27,2201.49,2026-10-20 00:00:00,SET-0018,26.42,INR
PAY-00878,PAY-00878,Vendor 28,2202.86,2026-10-20 08:00:00,SET-0018,26.43,INR
PAY-00879,PAY-00879,Vendor 29,2204.23,2026-10-20 16:00:00,SET-0018,26.45,INR
PAY-00880,PAY-00880,Vendor 30,2205.6,2026-10-21 00:00:00,SET-0018,26.47,INR
PAY-00881,PAY-00881,Vendor 31,2206.97,2026-10-21 08:00:00,SET-0018,26.48,INR
PAY-00882,PAY-00882,Vendor 32,2208.34,2026-10-21 16:00:00,SET-0018,26.5,INR
PAY-00883,PAY-00883,Vendor 33,2209.71,2026-10-22 00:00:00,SET-0018,26.52,INR
PAY-00884,PAY-00884,Vendor 34,2211.08,2026-10-22 08:00:00,SET-0018,26.53,INR
PAY-00885,PAY-00885,Vendor 35,2212.45,2026-10-22 16:00:00,SET-0018,26.55,INR
PAY-00886,PAY-00886,Vendor 36,2213.82,2026-10-23 00:00:00,SET-0018,26.57,INR
PAY-00887,PAY-00887,Vendor 37,2215.19,2026-10-23 08:00:00,SET-0018,26.58,INR
PAY-00888,PAY-00888,Vendor 38,2216.56,2026-10-23 16:00:00,SET-0018,26.6,INR
PAY-00889,PAY-00889,Vendor 39,2217.93,2026-10-24 00:00:00,SET-0018,26.62,INR
PAY-00890,PAY-00890,Vendor 40,2219.3,2026-10-24 08:00:00,SET-0018,26.63,INR
PAY-00891,PAY-00891,Vendor 41,2220.67,2026-10-24 16:00:00,SET-0018,26.65,INR
PAY-00892,PAY-00892,Vendor 42,2222.04,2026-10-25 00:00:00,SET-0018,26.66,INR
PAY-00893,PAY-00893,Vendor 43,2223.41,2026-10-25 08:00:00,SET-0018,26.68,INR
PAY-00894,PAY-00894,Vendor 44,2224.78,2026-10-25 16:00:00,SET-0018,26.7,INR
PAY-00895,PAY-00895,Vendor 45,2226.15,2026-10-26 00:00:00,SET-0018,26.71,INR
PAY-00896,PAY-00896,Vendor 46,2227.52,2026-10-26 08:00:00,SET-0018,26.73,INR
PAY-00897,PAY-00897,Vendor 47,2228.89,2026-10-26 16:00:00,SET-0018,26.75,INR
PAY-00898,PAY-00898,Vendor 48,2230.26,2026-10-27 00:00:00,SET-0018,26.76,INR
PAY-00899,PAY-00899,Vendor 49,2231.63,2026-10-27 08:00:00,SET-0018,26.78,INR
PAY-00900,PAY-00900,Vendor 50,2233.0,2026-10-27 16:00:00,SET-0018,26.8,INR
PAY-00901,PAY-00901,Vendor 01,2234.37,2026-10-28 00:00:00,SET-0019,26.81,INR
PAY-00902,PAY-00902,Vendor 02,2235.74,2026-10-28 08:00:00,SET-0019,26.83,INR
PAY-00903,PAY-00903,Vendor 03,2237.11,2026-10-28 16:00:00,SET-0019,26.85,INR
PAY-00904,PAY-00904,Vendor 04,2238.48,2026-10-29 00:00:00,SET-0019,26.86,INR
PAY-00905,PAY-00905,Vendor 05,2239.85,2026-10-29 08:00:00,SET-0019,26.88,INR
PAY-00906,PAY-00906,Vendor 06,2241.22,2026-10-29 16:00:00,SET-0019,26.89,INR
PAY-00907,PAY-00907,Vendor 07,2242.59,2026-10-30 00:00:00,SET-0019,26.91,INR
PAY-00908,PAY-00908,Vendor 08,2243.96,2026-10-30 08:00:00,SET-0019,26.93,INR
PAY-00909,PAY-00909,Vendor 09,2245.33,2026-10-30 16:00:00,SET-0019,26.94,INR
PAY-00910,PAY-00910,Vendor 10,2246.7,2026-10-31 00:00:00,SET-0019,26.96,INR
PAY-00911,PAY-00911,Vendor 11,2248.07,2026-10-31 08:00:00,SET-0019,26.98,INR
PAY-00912,PAY-00912,Vendor 12,2249.44,2026-10-31 16:00:00,SET-0019,26.99,INR
PAY-00913,PAY-00913,Vendor 13,2250.81,2026-11-01 00:00:00,SET-0019,27.01,INR
PAY-00914,PAY-00914,Vendor 14,2252.18,2026-11-01 08:00:00,SET-0019,27.03,INR
PAY-00915,PAY-00915,Vendor 15,2253.55,2026-11-01 16:00:00,SET-0019,27.04,INR
PAY-00916,PAY-00916,Vendor 16,2254.92,2026-11-02 00:00:00,SET-0019,27.06,INR
PAY-00917,PAY-00917,Vendor 17,2256.29,2026-11-02 08:00:00,SET-0019,27.08,INR
PAY-00918,PAY-00918,Vendor 18,2257.66,2026-11-02 16:00:00,SET-0019,27.09,INR
PAY-00919,PAY-00919,Vendor 19,2259.03,2026-11-03 00:00:00,SET-0019,27.11,INR
PAY-00920,PAY-00920,Vendor 20,2260.4,2026-11-03 08:00:00,SET-0019,27.12,INR
PAY-00921,PAY-00921,Vendor 21,2261.77,2026-11-03 16:00:00,SET-0019,27.14,INR
PAY-00922,PAY-00922,Vendor 22,2263.14,2026-11-04 00:00:00,SET-0019,27.16,INR
PAY-00923,PAY-00923,Vendor 23,2264.51,2026-11-04 08:00:00,SET-0019,27.17,INR
PAY-00924,PAY-00924,Vendor 24,2265.88,2026-11-04 16:00:00,SET-0019,27.19,INR
PAY-00925,PAY-00925,Vendor 25,2267.25,2026-11-05 00:00:00,SET-0019,27.21,INR
PAY-00926,PAY-00926,Vendor 26,2268.62,2026-11-05 08:00:00,SET-0019,27.22,INR
PAY-00927,PAY-00927,Vendor 27,2269.99,2026-11-05 16:00:00,SET-0019,27.24,INR
PAY-00928,PAY-00928,Vendor 28,2271.36,2026-11-06 00:00:00,SET-0019,27.26,INR
PAY-00929,PAY-00929,Vendor 29,2272.73,2026-11-06 08:00:00,SET-0019,27.27,INR
PAY-00930,PAY-00930,Vendor 30,2274.1,2026-11-06 16:00:00,SET-0019,27.29,INR
PAY-00931,PAY-00931,Vendor 31,2275.47,2026-11-07 00:00:00,SET-0019,27.31,INR
PAY-00932,PAY-00932,Vendor 32,2276.84,2026-11-07 08:00:00,SET-0019,27.32,INR
PAY-00933,PAY-00933,Vendor 33,2278.21,2026-11-07 16:00:00,SET-0019,27.34,INR
PAY-00934,PAY-00934,Vendor 34,2279.58,2026-11-08 00:00:00,SET-0019,27.35,INR
PAY-00935,PAY-00935,Vendor 35,2280.95,2026-11-08 08:00:00,SET-0019,27.37,INR
PAY-00936,PAY-00936,Vendor 36,2282.32,2026-11-08 16:00:00,SET-0019,27.39,INR
PAY-00937,PAY-00937,Vendor 37,2283.69,2026-11-09 00:00:00,SET-0019,27.4,INR
PAY-00938,PAY-00938,Vendor 38,2285.06,2026-11-09 08:00:00,SET-0019,27.42,INR
PAY-00939,PAY-00939,Vendor 39,2286.43,2026-11-09 16:00:00,SET-0019,27.44,INR
PAY-00940,PAY-00940,Vendor 40,2287.8,2026-11-10 00:00:00,SET-0019,27.45,INR
PAY-00941,PAY-00941,Vendor 41,2289.17,2026-11-10 08:00:00,SET-0019,27.47,INR
PAY-00942,PAY-00942,Vendor 42,2290.54,2026-11-10 16:00:00,SET-0019,27.49,INR
PAY-00943,PAY-00943,Vendor 43,2291.91,2026-11-11 00:00:00,SET-0019,27.5,INR
PAY-00944,PAY-00944,Vendor 44,2293.28,2026-11-11 08:00:00,SET-0019,27.52,INR
PAY-00945,PAY-00945,Vendor 45,2294.65,2026-11-11 16:00:00,SET-0019,27.54,INR
PAY-00946,PAY-00946,Vendor 46,2296.02,2026-11-12 00:00:00,SET-0019,27.55,INR
PAY-00947,PAY-00947,Vendor 47,2297.39,2026-11-12 08:00:00,SET-0019,27.57,INR
PAY-00948,PAY-00948,Vendor 48,2298.76,2026-11-12 16:00:00,SET-0019,27.59,INR
PAY-00949,PAY-00949,Vendor 49,2300.13,2026-11-13 00:00:00,SET-0019,27.6,INR
PAY-00950,PAY-00950,Vendor 50,2301.5,2026-11-13 08:00:00,SET-0019,27.62,INR
PAY-00951,PAY-00951,Vendor 01,2302.87,2026-11-13 16:00:00,SET-0020,27.63,INR
PAY-00952,PAY-00952,Vendor 02,2304.24,2026-11-14 00:00:00,SET-0020,27.65,INR
PAY-00953,PAY-00953,Vendor 03,2305.61,2026-11-14 08:00:00,SET-0020,27.67,INR
PAY-00954,PAY-00954,Vendor 04,2306.98,2026-11-14 16:00:00,SET-0020,27.68,INR
PAY-00955,PAY-00955,Vendor 05,2308.35,2026-11-15 00:00:00,SET-0020,27.7,INR
PAY-00956,PAY-00956,Vendor 06,2309.72,2026-11-15 08:00:00,SET-0020,27.72,INR
PAY-00957,PAY-00957,Vendor 07,2311.09,2026-11-15 16:00:00,SET-0020,27.73,INR
PAY-00958,PAY-00958,Vendor 08,2312.46,2026-11-16 00:00:00,SET-0020,27.75,INR
PAY-00959,PAY-00959,Vendor 09,2313.83,2026-11-16 08:00:00,SET-0020,27.77,INR
PAY-00960,PAY-00960,Vendor 10,2315.2,2026-11-16 16:00:00,SET-0020,27.78,INR
PAY-00961,PAY-00961,Vendor 11,2316.57,2026-11-17 00:00:00,SET-0020,27.8,INR
PAY-00962,PAY-00962,Vendor 12,2317.94,2026-11-17 08:00:00,SET-0020,27.82,INR
PAY-00963,PAY-00963,Vendor 13,2319.31,2026-11-17 16:00:00,SET-0020,27.83,INR
PAY-00964,PAY-00964,Vendor 14,2320.68,2026-11-18 00:00:00,SET-0020,27.85,INR
PAY-00965,PAY-00965,Vendor 15,2322.05,2026-11-18 08:00:00,SET-0020,27.86,INR
PAY-00966,PAY-00966,Vendor 16,2323.42,2026-11-18 16:00:00,SET-0020,27.88,INR
PAY-00967,PAY-00967,Vendor 17,2324.79,2026-11-19 00:00:00,SET-0020,27.9,INR
PAY-00968,PAY-00968,Vendor 18,2326.16,2026-11-19 08:00:00,SET-0020,27.91,INR
PAY-00969,PAY-00969,Vendor 19,2327.53,2026-11-19 16:00:00,SET-0020,27.93,INR
PAY-00970,PAY-00970,Vendor 20,2328.9,2026-11-20 00:00:00,SET-0020,27.95,INR
PAY-00971,PAY-00971,Vendor 21,2330.27,2026-11-20 08:00:00,SET-0020,27.96,INR
PAY-00972,PAY-00972,Vendor 22,2331.64,2026-11-20 16:00:00,SET-0020,27.98,INR
PAY-00973,PAY-00973,Vendor 23,2333.01,2026-11-21 00:00:00,SET-0020,28.0,INR
PAY-00974,PAY-00974,Vendor 24,2334.38,2026-11-21 08:00:00,SET-0020,28.01,INR
PAY-00975,PAY-00975,Vendor 25,2335.75,2026-11-21 16:00:00,SET-0020,28.03,INR
PAY-00976,PAY-00976,Vendor 26,2337.12,2026-11-22 00:00:00,SET-0020,28.05,INR
PAY-00977,PAY-00977,Vendor 27,2338.49,2026-11-22 08:00:00,SET-0020,28.06,INR
PAY-00978,PAY-00978,Vendor 28,2339.86,2026-11-22 16:00:00,SET-0020,28.08,INR
PAY-00979,PAY-00979,Vendor 29,2341.23,2026-11-23 00:00:00,SET-0020,28.09,INR
PAY-00980,PAY-00980,Vendor 30,2342.6,2026-11-23 08:00:00,SET-0020,28.11,INR
PAY-00981,PAY-00981,Vendor 31,2343.97,2026-11-23 16:00:00,SET-0020,28.13,INR
PAY-00982,PAY-00982,Vendor 32,2345.34,2026-11-24 00:00:00,SET-0020,28.14,INR
PAY-00983,PAY-00983,Vendor 33,2346.71,2026-11-24 08:00:00,SET-0020,28.16,INR
PAY-00984,PAY-00984,Vendor 34,2348.08,2026-11-24 16:00:00,SET-0020,28.18,INR
PAY-00985,PAY-00985,Vendor 35,2349.45,2026-11-25 00:00:00,SET-0020,28.19,INR
PAY-00986,PAY-00986,Vendor 36,2350.82,2026-11-25 08:00:00,SET-0020,28.21,INR
PAY-00987,PAY-00987,Vendor 37,2352.19,2026-11-25 16:00:00,SET-0020,28.23,INR
PAY-00988,PAY-00988,Vendor 38,2353.56,2026-11-26 00:00:00,SET-0020,28.24,INR
PAY-00989,PAY-00989,Vendor 39,2354.93,2026-11-26 08:00:00,SET-0020,28.26,INR
PAY-00990,PAY-00990,Vendor 40,2356.3,2026-11-26 16:00:00,SET-0020,28.28,INR
PAY-00991,PAY-00991,Vendor 41,2357.67,2026-11-27 00:00:00,SET-0020,28.29,INR
PAY-00992,PAY-00992,Vendor 42,2359.04,2026-11-27 08:00:00,SET-0020,28.31,INR
PAY-00993,PAY-00993,Vendor 43,2360.41,2026-11-27 16:00:00,SET-0020,28.32,INR
PAY-00994,PAY-00994,Vendor 44,2361.78,2026-11-28 00:00:00,SET-0020,28.34,INR
PAY-00995,PAY-00995,Vendor 45,2363.15,2026-11-28 08:00:00,SET-0020,28.36,INR
PAY-00996,PAY-00996,Vendor 46,2364.52,2026-11-28 16:00:00,SET-0020,28.37,INR
PAY-00997,PAY-00997,Vendor 47,2365.89,2026-11-29 00:00:00,SET-0020,28.39,INR
PAY-00998,PAY-00998,Vendor 48,2367.26,2026-11-29 08:00:00,SET-0020,28.41,INR
PAY-00999,PAY-00999,Vendor 49,2368.63,2026-11-29 16:00:00,SET-0020,28.42,INR
PAY-01000,PAY-01000,Vendor 50,2370.0,2026-11-30 00:00:00,SET-0020,28.44,INR
